<?xml version="1.0"?>
<fvr>
    <gains>
        <!-- Gain \bar{Ko} of the observer -->
        <Ko> 22.0 20.0 20.0 30.0 35.0 40.0 35.0    62.8 62.8 62.8 62.8 62.8 62.8 </Ko>
    </gains>
    <!-- Filter on raw reading from 6-DOF FT sensor. Options for filter cutoff frequency:
	    "FREQ_NONE", "FREQ_200", "FREQ_100", "FREQ_50", "FREQ_40", "FREQ_30",
	    "FREQ_25", "FREQ_20", "FREQ_15", "FREQ_10", "FREQ_5", "FREQ_2", "FREQ_1"
	    Options for filter type: 1st order = 1, 2nd order = 2 -->
    <ft_sensor_filter>
        <cutoff_freq> FREQ_10 </cutoff_freq>
        <type> 1 </type>
    </ft_sensor_filter>
</fvr>
