<?xml version="1.0"?>

<!--
  The plan involved in this file will reference plans.xml.
  If it exists, it will be effectively loaded into the UI and can be used.

  name: plan dir path/ plan file name
  mode: 0:manual, 1:auto, 2:manual and auto
  time[s]: plan is expected to take time
-->

<!-- ============== plan dir ================-->

<!-- ============== plan file ================-->
<plan_file>
  <name>production/TestEasyContact.plan</name>
  <mode>0</mode>
  <time>20</time>
</plan_file>
<plan_file>
  <name>production/TestEasyMove.plan</name>
  <mode>0</mode>
  <time>20</time>
</plan_file>
<plan_file>
  <name>system/PLAN-Home.plan</name>
  <mode>0</mode>
  <time>20</time>
</plan_file>
<plan_file>
  <name>system/PLAN-ArmPackagingPose.plan</name>
  <mode>0</mode>
  <time>20</time>
</plan_file>
