<!-- ============ Force Sensor ============================================
This section contains the information of mass and inertia to be excluded from the
force-torque sensor measurement.

enable   	            : enable force sensor: 1, disable: 0
enable_temp_comp        : enable temperature compensation: 1, disable: 0
center_of_mass          : center of mass in flange coordinate[m]
mass                    : mass [kg]
inertia                 : inertia [ Ixx Iyy Izz Ixy Ixz Iyz ]
======================================================================== -->
<force_sensor_6DOFs>
	<enable> 1 </enable>
	<enable_temp_comp> 0 </enable_temp_comp>
	<center_of_mass>0.000042 -0.000016 -0.020478</center_of_mass>
	<mass>0.382507</mass>
	<inertia>0.000422 0.000424 0.000722 0.0 0.0 0.0</inertia>
</force_sensor_6DOFs>
