<?xml version="1.0"?>
<!-- ==========================================================================
 primitive type options :
 "INIT", "MOVE", "READY", "CONTACT", "SLIDE", "SLIDE_ADAPTIVE", "SLIDE_SPIRAL",
 "SLIDE_SINEWAVE", "MAGNET", "PEGINHOLE"

robot type options : Flexiv, UR5, Bullet, Klampt
 ===========================================================================-->
<fvr>
    <primitive>
        <primitive_name> move_micro_line </primitive_name>
        <primitive_type> MOVE_MICRO_LINE </primitive_type>
        <robot_type>Bullet</robot_type>
        <param_configs>PtMoveMicroLine.xml</param_configs>
        <task>
            <priority> 0 </priority>
            <task_name>PosOriControl</task_name>
            <task_type>TASK_POS_ORI</task_type>
            <link_name>flange</link_name>
            <pos_in_parent>0.0 0.0 0.0</pos_in_parent>
            <dof>6</dof>
            <kp>100 100 100 350 350 350</kp>
            <kv>20 20 20 15 15 15</kv>
            <ki>0  0  0 0 0 0</ki>
            <max_iForce> 0  0  0 0 0 0 </max_iForce>
        </task>
        <task>
            <priority> 1 </priority>
            <task_name>PostureControl</task_name>
            <task_type>TASK_POSTURE_NULLSPACE</task_type>
            <dof>7</dof>
            <kp>150  150  150  150  180  180  180</kp>
            <kv>40   40   30   30   40   40   40</kv>
        </task>
    </primitive>
</fvr>
