<?xml version="1.0"?>
<!-- ==========================================================================
 primitive type options :
 "INIT", "MOVE", "READY", "CONTACT", "SLIDE", "SLIDE_ADAPTIVE", "SLIDE_SPIRAL",
 "SLIDE_SINEWAVE", "MAGNET", "PEGINHOLE"

robot type options : Flexiv, UR5, Bullet, Klampt
 ===========================================================================-->
<fvr>
    <primitive>
        <primitive_name> forceWaveFormSensorGainCap </primitive_name>
        <primitive_type> FORCE_WAVEFORM_SENSOR </primitive_type>
        <robot_type>Bullet</robot_type>
        <control_mode>CMD_CTRL_CLOSE_LOOP_TORQUE</control_mode>
        <param_configs>PtForceWaveFormSensor.xml</param_configs>
        <task>
            <priority> 0 </priority>
            <task_name>UnifiedControl</task_name>
            <task_type>TASK_VARIABLESTIFFNESS_GAINCAP</task_type>
            <link_name>tcp</link_name>
            <pos_in_parent>0.0 0.0 0.0</pos_in_parent>
            <dof>6</dof>
            <kp>300  300  300  800  800  800</kp>
            <kv>40   40   40   40   40  40 </kv>
            <ki>0   0   0   0   0   0</ki>
            <force_kp>0.001  0.001  0.01   0.01  0.01   0.00</force_kp>
            <force_kv>0.00   0.00   0.00   0.0   0.0    0.0</force_kv>
            <force_ki>0.0    0.0    0.00   0.00  0.00   0.0</force_ki>
            <max_iForce> 5 5 5 0 0 0</max_iForce>
        </task>
        <task>
            <priority> 1 </priority>
            <task_name>PostureControl</task_name>
            <task_type>TASK_POSTURE</task_type>
            <dof>7</dof>
            <kp>20 20 20 20 10 20 5</kp>
            <kv>3  3  3  3  3  3  3</kv>
        </task>
    </primitive>
</fvr>
