<?xml version="1.0"?>
<!-- ==========================================================================
 primitive type options :
 "INIT", "MOVE", "READY", "CONTACT", "SLIDE", "SLIDE_ADAPTIVE", "SLIDE_SPIRAL",
 "SLIDE_SINEWAVE", "MAGNET", "PEGINHOLE"

robot type options : Flexiv, UR5, Bullet, Klampt
 ===========================================================================-->
<fvr>
    <primitive>
        <primitive_name> PolishStifferILC </primitive_name>
        <primitive_type> POLISHSTIFFERILC </primitive_type>
        <robot_type>Bullet</robot_type>
        <param_configs>PtPolishStifferILC.xml</param_configs>
        <task>
            <priority> 0 </priority>
            <task_name>PosOriControl</task_name>
            <task_type>TASK_CART_MOTION_FORCE_ADMIT</task_type>
            <link_name>tcp</link_name>
            <pos_in_parent>0.0 0.0 0.0</pos_in_parent>
            <dof>6</dof>
            <kp>3600 3600 3600 3600 3600 3600</kp>
            <kv>120  120  120  120  120  120</kv>
            <ki>0.0 0.0 0.0 0.0 0.0 0.0</ki>
            <friction_compensation> 0 </friction_compensation>
            <force_kp>0.018 0.018 0.018  5   5   5</force_kp>
            <force_kv>23.0 23.0 23.0  50.0  50.0  50.0</force_kv>
            <force_ki>0.0001 0.0001 0.0001 0.01  0.01   0.01</force_ki>
            <max_iForce>0.008 0.008 0.008 5 5 5</max_iForce>
        </task>
        <task>
            <priority> 1 </priority>
            <task_name>PostureControl</task_name>
            <task_type>TASK_POSTURE</task_type>
            <dof>7</dof>
            <kp>150  150  150  150  180  180  180</kp>
            <kv>40   40   30   30   40   40   40</kv>
        </task>
    </primitive>
</fvr>
