<?xml version="1.0"?>
<!-- ========================================================================== 
 primitive type options : 
 "INIT", "MOVE", "READY", "CONTACT", "SLIDE", "SLIDE_ADAPTIVE", "SLIDE_SPIRAL", 
 "SLIDE_SINEWAVE", "MAGNET", "PEGINHOLE"

robot type options : Flexiv, UR5, Bullet, Klampt
 ===========================================================================-->
<fvr>
    <primitive>
        <primitive_name> CompliantGripInt </primitive_name>
        <primitive_type> COMPLIANTGRIP </primitive_type>
        <robot_type>Bullet</robot_type>
        <param_configs>PtCompliantGripInt.xml</param_configs>
        <task>
            <priority> 0 </priority>
            <task_name>PosOriControl</task_name>
            <task_type>TASK_POS_ORI</task_type>
            <link_name>flange</link_name>
            <!--xyz in link frame -->
            <pos_in_parent>0.0 0.0 0.0</pos_in_parent>
            <dof>6</dof>
            <kp>10 10 10 35 35 35</kp>
            <kv>2 2 2 1 1 1</kv>
            <ki>0  0  0 0 0 0</ki>
            <max_iForce> 0  0  0 0 0 0 </max_iForce>
        </task>
        <task>
            <priority> 1 </priority>
            <task_name>PostureControl</task_name>
            <task_type>TASK_POSTURE</task_type>
            <dof>7</dof>
            <kp>5 5 10 5 10 30 10</kp>
            <kv>5 5 5 5 5 5 5</kv>
        </task>
    </primitive>
</fvr>
