<?xml version="1.0"?>
<!-- ==========================================================================
 primitive type options :
 "INIT", "MOVE", "READY", "CONTACT", "SLIDE", "SLIDE_ADAPTIVE", "SLIDE_SPIRAL",
 "SLIDE_SINEWAVE", "MAGNET", "PEGINHOLE"

robot type options : Flexiv, UR5, Bullet, Klampt
 ===========================================================================-->
<fvr>
    <primitive>
        <primitive_name> HomeTorqueModeCloseLoop </primitive_name>
        <primitive_type> HOME_TORQUEMODE </primitive_type>
        <robot_type>Bullet</robot_type>
        <control_mode>CMD_CTRL_CLOSE_LOOP_TORQUE</control_mode>
        <param_configs>PtHomeTorqueMode.xml</param_configs>
        <task>
            <priority> 0 </priority>
            <task_name>PostureControl</task_name>
            <task_type>TASK_POSTURE_TORQUEMODE</task_type>
            <dof>7</dof>
            <kp>90 80 100 150 400 400 1000</kp>
            <kv>15 12 15  10  40  35  70</kv>
            <friction_compensation> 0 </friction_compensation>
        </task>
    </primitive>
</fvr>
