<?xml version="1.0"?>
<!-- ==========================================================================
 primitive type options :
 "INIT", "MOVE", "READY", "CONTACT", "SLIDE", "SLIDE_ADAPTIVE", "SLIDE_SPIRAL",
 "SLIDE_SINEWAVE", "MAGNET", "PEGINHOLE"

robot type options : Flexiv, UR5, Bullet, Klampt
 ===========================================================================-->

<fvr>
    <primitive>
        <primitive_name> MoveImpedanceCtrlOrientation </primitive_name>
        <primitive_type> MOVE_COMPLIANCE </primitive_type>
        <robot_type>Bullet</robot_type>
        <control_mode>CMD_CTRL_CLOSE_LOOP_TORQUE</control_mode>
        <param_configs>PtMoveCompliance.xml</param_configs>
        <task>
            <priority> 0 </priority>
            <task_name>PosOriControl</task_name>
            <task_type>TASK_POS_ORI_IMPEDANCE</task_type>
            <link_name>flange</link_name>
            <pos_in_parent>0.0 0.0 0.0</pos_in_parent>
            <dof>6</dof>
            <kp>8000 8000 8000 10 10 5</kp>
            <!-- Note: kv in this task controller is used as damping ratio-->
            <kv>0.5 0.5 0.5 0.3 0.3 0.3</kv>
        </task>
        <task>
            <priority> 1 </priority>
            <task_name>PostureControl</task_name>
            <task_type>TASK_POSTURE_BLENDING</task_type>
            <dof>7</dof>
            <kp>50  50  50  50  50   50   50</kp>
            <kv>15  15  15  15   15   15  15</kv>
        </task>
    </primitive>
</fvr>
