<?xml version="1.0"?>
<!-- ==========================================================================
 primitive type options :
 "INIT", "MOVE", "READY", "CONTACT", "SLIDE", "SLIDE_ADAPTIVE", "SLIDE_SPIRAL",
 "SLIDE_SINEWAVE", "MAGNET", "PEGINHOLE"

robot type options : Flexiv, UR5, Bullet, Klampt
 ===========================================================================-->
<fvr>
    <primitive>
        <primitive_name> ScrewFasten </primitive_name>
        <primitive_type> SCREWFASTEN </primitive_type>
        <robot_type>Bullet</robot_type>
        <control_mode>CMD_CTRL_OPEN_LOOP_TORQUE</control_mode>
        <param_configs>PtScrewFasten.xml</param_configs>
        <task>
            <priority> 0 </priority>
            <task_name>PosOriControl</task_name>
            <task_type>TASK_LOCALVARISTIFF_IMPEDANCE</task_type>
            <link_name>flange</link_name>
            <pos_in_parent>0.0 0.0 0.0</pos_in_parent>
            <dof>6</dof>
            <kp>4000 4000 4000 300 300 300</kp>
            <kv>0.7 0.7 0.7 0.7 0.7 0.7</kv>
        </task>
        <task>
            <priority> 1 </priority>
            <task_name>PostureControl</task_name>
            <task_type>TASK_POSTURE_BLENDING</task_type>
            <dof>7</dof>
            <kp>50  50  50  50  50   50   50</kp>
            <kv>15  15  15  15   15   15  15</kv>
        </task>
    </primitive>
</fvr>
