<?xml version="1.0"?>
<!-- ==========================================================================
 primitive type options :
 "INIT", "MOVE", "READY", "CONTACT", "SLIDE", "SLIDE_ADAPTIVE", "SLIDE_SPIRAL",
 "SLIDE_SINEWAVE", "MAGNET", "PEGINHOLE"

robot type options : Flexiv, UR5, Bullet, Klampt
 ===========================================================================-->
<fvr>
    <primitive>
        <primitive_name> MACRO_DetectMove </primitive_name>
        <primitive_type> DETECTMOVE </primitive_type>
        <robot_type>Bullet</robot_type>
        <param_configs>PtDetectMove.xml</param_configs>
        <sub_primitives>
            <primitive_file> controllers/bulletPtDetector.xml </primitive_file>
            <primitive_file> controllers/bulletPtMove.xml </primitive_file>
        </sub_primitives>
    </primitive>
</fvr>
