<?xml version="1.0"?>
<!-- ==========================================================================
 primitive type options :
 "INIT", "MOVE", "READY", "CONTACT", "SLIDE", "SLIDE_ADAPTIVE", "SLIDE_SPIRAL",
 "SLIDE_SINEWAVE", "MAGNET", "PEGINHOLE"

robot type options : Flexiv, UR5, Bullet, Klampt
 ===========================================================================-->
<fvr>
    <primitive>
        <primitive_name> PihZigzag </primitive_name>
        <primitive_type> PLAN </primitive_type>
        <robot_type> Bullet </robot_type>
        <param_configs> PtPihZigzag.xml </param_configs>
    </primitive>
</fvr>
