<?xml version="1.0"?>
<!-- ========================================================================== 
 primitive type options : 
 "INIT", "MOVE", "READY", "CONTACT", "SLIDE", "SLIDE_ADAPTIVE", "SLIDE_SPIRAL", 
 "SLIDE_SINEWAVE", "MAGNET", "PEGINHOLE"

robot type options : Flexiv, UR5, Bullet, Klampt
 ===========================================================================-->
<fvr>
    <primitive>
        <primitive_name> cartHoldSoft </primitive_name>
        <primitive_type> READY </primitive_type>
        <robot_type>Bullet</robot_type>
        <param_configs>PtCartHoldSoft.xml</param_configs>
        <task>
            <priority> 0 </priority>
            <task_name>JointConstraint</task_name>
            <task_type>TASK_JOINTCONSTRAINT</task_type>
            <dof>7</dof>
            <kp>100  100  100  100  500  500  800</kp>
            <kv>15 15 15 30 50 50 50</kv>
        </task>
        <task>
            <priority> 0 </priority>
            <task_name>CartConstraint</task_name>
            <task_type>TASK_CARTCONSTRAINT</task_type>
            <link_name>tcp</link_name>
            <pos_in_parent>0.0 0.0 0.0</pos_in_parent>
            <dof>6</dof>
            <kp>300 300 300 550 550 550</kp>
            <kv>25 25 25 15 15 15</kv>
        </task>
        <task>
            <priority> 1 </priority>
            <task_name>PosOriControlForceCap</task_name>
            <task_type>TASK_POS_ORI_FORCECAP</task_type>
            <link_name>flange</link_name>
            <pos_in_parent>0.0 0.0 0.0</pos_in_parent>
            <dof>6</dof>
            <kp>100 100 100 550 550 550</kp>
            <kv>25 25 25 15 15 15</kv>
            <ki>0  0  0  0.0 0.0 0.0</ki>
            <max_iForce> 0  0  0 0  0  0 </max_iForce>
        </task>
        <task>
            <priority> 2 </priority>
            <task_name>PostureControl</task_name>
            <task_type>TASK_POSTURE</task_type>
            <dof>7</dof>
            <kp>20 20 20 20 10 20 5</kp>
            <kv>3 3 3 3 3 3 3</kv>
        </task>
    </primitive>
</fvr>
