<?xml version="1.0"?>
<!-- ==========================================================================
 primitive type options :
 "INIT", "MOVE", "READY", "CONTACT", "SLIDE", "SLIDE_ADAPTIVE", "SLIDE_SPIRAL",
 "SLIDE_SINEWAVE", "MAGNET", "PEGINHOLE"

robot type options : Flexiv, UR5, Bullet, Klampt
 ===========================================================================-->
<fvr>
    <primitive>
        <primitive_name> cartAdmit </primitive_name>
        <primitive_type> CART_ADMIT </primitive_type>
        <robot_type>Bullet</robot_type>
        <param_configs>PtCartAdmit.xml</param_configs>
        <task>
            <priority> 1 </priority>
            <task_name>CartAdmit</task_name>
            <task_type>TASK_CART_ADMIT</task_type>
            <link_name>tcp</link_name>
            <pos_in_parent>0.0 0.0 0.0</pos_in_parent>
            <dof>6</dof>
            <kp>3600 3600 3600 3600 3600 3600</kp>
            <kv>120  120  120  120  120  120</kv>
            <force_kp>0.01  0.01  0.01  0.1  0.1  0.2</force_kp>
            <force_kv>0.0  0.0  0.0  0.0  0.0 0.0 </force_kv>
            <forceDeadband>1.0 1.0 1.0 0.5 0.5 0.5</forceDeadband>
        </task>
        <task>
            <priority> 2 </priority>
            <task_name>PostureControl</task_name>
            <task_type>TASK_POSTURE</task_type>
            <dof>7</dof>
            <kp>20 20 20 20 10 20 5</kp>
            <kv>3 3 3 3 3 3 3</kv>
        </task>
    </primitive>
</fvr>
