<?xml version="1.0"?>
<!-- ==========================================================================
 primitive type options :
 "INIT", "MOVE", "READY", "CONTACT", "SLIDE", "SLIDE_ADAPTIVE", "SLIDE_SPIRAL",
 "SLIDE_SINEWAVE", "MAGNET", "PEGINHOLE"

robot type options : Flexiv, UR5, Bullet, Klampt
 ===========================================================================-->
<fvr>
    <primitive>
        <primitive_name> BallBalance </primitive_name>
        <primitive_type> MPCBALLBALANCING </primitive_type>
        <robot_type>Bullet</robot_type>
        <param_configs>PtMPCBallBalancing.xml</param_configs>
        <task>
            <priority> 0 </priority>
            <task_name>PosOriControl</task_name>
            <task_type>TASK_POS_ORI</task_type>
            <link_name>tcp</link_name>
            <pos_in_parent>0.0 0.0 0.0</pos_in_parent>
            <dof>6</dof>
            <kp>50 50 50 3000 3000 3000</kp>
            <kv>50 50 50 50 50 50 </kv>
            <ki>0.0 0.0 0.0  0.015  0.015 0.015 </ki>
            <max_iForce> 15 15 25 5 5 5</max_iForce>
            <friction_compensation> 0 </friction_compensation>
        </task>
        <task>
            <priority> 1 </priority>
            <task_name>PostureControl</task_name>
            <task_type>TASK_POSTURE</task_type>
            <dof>7</dof>
            <kp>40  40  40  40  60   60   60</kp>
            <kv>30  30  30  30   30   30  35</kv>
        </task>
    </primitive>
</fvr>
