<?xml version="1.0"?>
<!-- ======== controller ================== -->
<fvr>
    <primitive_file> controllers/bulletPtReady.xml  </primitive_file>
    <primitive_file> controllers/bulletPtHold.xml </primitive_file>
    <primitive_file> controllers/bulletPtHoldTorqueMode.xml </primitive_file>
    <primitive_file> controllers/bulletPtHoldTorqueModeCloseLoop.xml </primitive_file>
    <primitive_file> controllers/bulletPtStop.xml </primitive_file>
    <primitive_file> controllers/bulletPtGoTo.xml </primitive_file>
    <primitive_file> controllers/bulletPtHome.xml </primitive_file>
    <primitive_file> controllers/bulletPtHomeTorqueMode.xml </primitive_file>
    <primitive_file> controllers/bulletPtHomeTorqueModeCloseLoop.xml </primitive_file>
    <primitive_file> controllers/bulletPtEnd.xml </primitive_file>
    <primitive_file> controllers/bulletPtFault.xml </primitive_file>
    <primitive_file> controllers/bulletPtTrayLoading.xml </primitive_file>
    <primitive_file> controllers/bulletPtTrayUnloading.xml </primitive_file>
    <primitive_file> controllers/bulletPtPolishSurface.xml </primitive_file>
    <primitive_file> controllers/bulletPtFloating.xml </primitive_file>
    <primitive_file> controllers/bulletPtFloatingSoft.xml </primitive_file>
    <primitive_file> controllers/bulletPtPosAdmit.xml </primitive_file>
    <primitive_file> controllers/bulletPtIntJntCtrl.xml </primitive_file>
    <primitive_file> controllers/bulletPtMove.xml </primitive_file>
    <primitive_file> controllers/bulletPtMoveGainCap.xml </primitive_file>
    <primitive_file> controllers/bulletPtMovePTP.xml </primitive_file>
    <primitive_file> controllers/bulletPtMoveIK.xml </primitive_file>
    <primitive_file> controllers/bulletPtMovePTPTorqueMode.xml </primitive_file>
    <primitive_file> controllers/bulletPtMovePTPGainCap.xml </primitive_file>
    <primitive_file> controllers/bulletPtMoveJointSpace.xml </primitive_file>
    <primitive_file> controllers/bulletPtMoveJointSpaceTorqueMode.xml </primitive_file>
    <primitive_file> controllers/bulletPtMoveJointSpaceTorqueModeCloseLoop.xml </primitive_file>
    <primitive_file> controllers/bulletPtMoveJointSpacePVAT.xml </primitive_file>
    <primitive_file> controllers/bulletPtMoveJ.xml </primitive_file>
    <primitive_file> controllers/bulletPtTimeOptimalMoveJ.xml </primitive_file>
    <primitive_file> controllers/bulletPtMoveOptRed.xml </primitive_file>
    <primitive_file> controllers/bulletPtRecoveryMode.xml </primitive_file>
    <primitive_file> controllers/bulletPtMoveJointSpaceILC.xml </primitive_file>
    <primitive_file> controllers/bulletPtSetConfigs.xml </primitive_file>
    <primitive_file> controllers/bulletPtCaliForceSensor.xml </primitive_file>
    <primitive_file> controllers/bulletPtCaliJointTorqueSensorOffset.xml </primitive_file>
    <primitive_file> controllers/bulletPtCaliJointDynamicTorqueSensorOffset.xml </primitive_file>
    <primitive_file> controllers/bulletPtCaliJointStaticTorqueChannelOffset.xml </primitive_file>
    <primitive_file> controllers/bulletPtCaliJointTorqueSensorGain.xml </primitive_file>
    <primitive_file> controllers/bulletPtToolDynCali.xml </primitive_file>
    <primitive_file> controllers/bulletPtToolDynCaliWithJntTrq.xml </primitive_file>
    <primitive_file> controllers/bulletPtToolDynCaliWithJntTrqDiff.xml </primitive_file>
    <primitive_file> controllers/bulletPtToolDynCaliWithWrench.xml </primitive_file>
    <primitive_file> controllers/bulletPtForceCtrl.xml </primitive_file>
    <primitive_file> controllers/bulletPtForceWaveForm.xml </primitive_file>
    <primitive_file> controllers/bulletPtForceWaveFormTorqueMode.xml </primitive_file>
    <primitive_file> controllers/bulletPtForceWaveFormSensorGainCap.xml </primitive_file>
    <primitive_file> controllers/bulletPtForceWaveFormSensor.xml </primitive_file>
    <primitive_file> controllers/bulletPtForceWaveFormCloseLoopImpedance.xml </primitive_file>
    <primitive_file> controllers/bulletPtCOPAdmit.xml </primitive_file>
    <primitive_file> controllers/bulletPtCOPAdmitGainCap.xml </primitive_file>
    <primitive_file> controllers/bulletPtExeForceSensor.xml </primitive_file>
    <primitive_file> controllers/bulletPtGrasp.xml </primitive_file>
    <primitive_file> controllers/bulletPtMPCBallBalancing.xml </primitive_file>
    <primitive_file> controllers/bulletPtDetector.xml </primitive_file>
    <primitive_file> controllers/bulletPtPathDetector.xml </primitive_file>
    <primitive_file> controllers/bulletPtDetectMove.xml </primitive_file>
    <primitive_file> controllers/bulletPtContact.xml </primitive_file>
    <primitive_file> controllers/bulletPtTouch.xml </primitive_file>
    <primitive_file> controllers/bulletPtMoveCam.xml </primitive_file>
    <primitive_file> controllers/bulletPtCaliInHandCam.xml </primitive_file>
    <primitive_file> controllers/bulletPtCaliGlobalCam.xml </primitive_file>
    <primitive_file> controllers/bulletPtCartHoldStiff.xml </primitive_file>
    <primitive_file> controllers/bulletPtCartHoldSoft.xml </primitive_file>
    <primitive_file> controllers/bulletPtCartAdmit.xml </primitive_file>
    <primitive_file> controllers/bulletPtCartFloatingSoft.xml </primitive_file>
    <primitive_file> controllers/bulletPtCartFloating.xml </primitive_file>
    <primitive_file> controllers/bulletPtVisualServo.xml </primitive_file>
    <primitive_file> controllers/bulletPtPointIBVS.xml </primitive_file>
    <primitive_file> controllers/bulletPtLineIBVS.xml </primitive_file>
    <primitive_file> controllers/bulletPtDynaPointIBVS.xml </primitive_file>
    <primitive_file> controllers/bulletPtVisualTrack.xml </primitive_file>
    <primitive_file> controllers/bulletPtPBVSEIH.xml </primitive_file>
    <primitive_file> controllers/bulletPtPNPVS.xml </primitive_file>
    <primitive_file> controllers/bulletPtPBVSPIH.xml </primitive_file>
    <primitive_file> controllers/bulletPtPBVS.xml </primitive_file>
    <primitive_file> controllers/bulletPtPlan.xml  </primitive_file>
    <primitive_file> controllers/bulletPtSemanticPlanning.xml </primitive_file>
    <primitive_file> controllers/bulletPtMoveSpline.xml </primitive_file>
    <primitive_file> controllers/bulletPtMoveC.xml </primitive_file>
    <primitive_file> controllers/bulletPtMoveLine.xml </primitive_file>
    <primitive_file> controllers/bulletPtMoveL.xml </primitive_file>
    <primitive_file> controllers/bulletPtWaitersMotion.xml </primitive_file>
    <primitive_file> controllers/bulletPtMoveMicroLine.xml </primitive_file>
    <primitive_file> controllers/bulletPtComposedMove.xml </primitive_file>
    <primitive_file> controllers/bulletPtComposedMoveHybrid.xml </primitive_file>
    <primitive_file> controllers/bulletPtMoveWait.xml </primitive_file>
    <primitive_file> controllers/bulletPtPolish.xml </primitive_file>
    <primitive_file> controllers/bulletPtPolishILC.xml </primitive_file>
    <primitive_file> controllers/bulletPtPolishSurfaceIn.xml </primitive_file>
    <primitive_file> controllers/bulletPtPolishStiff.xml </primitive_file>
    <primitive_file> controllers/bulletPtPolishStiffILC.xml </primitive_file>
    <primitive_file> controllers/bulletPtJointPerformanceTest.xml </primitive_file>
    <primitive_file> controllers/bulletPtJointPerformanceTestTorqueMode.xml </primitive_file>
    <primitive_file> controllers/bulletPtJointPerformanceTestTorqueModeCloseLoop.xml </primitive_file>
    <primitive_file> controllers/bulletPtSystemID.xml </primitive_file>
    <primitive_file> controllers/bulletPtJointConstantVelocityTest.xml </primitive_file>
    <primitive_file> controllers/bulletPtCaliJointPositionLinkEncoder.xml </primitive_file>
    <primitive_file> controllers/bulletPtCartesianPerformanceTest.xml </primitive_file>
    <primitive_file> controllers/bulletPtCartesianGainAutoTuning.xml </primitive_file>
    <primitive_file> controllers/bulletPtTwist.xml </primitive_file>
    <primitive_file> controllers/bulletPtCompliantGripInt.xml </primitive_file>
    <primitive_file> controllers/bulletPtCompliantGripExt.xml </primitive_file>
    <primitive_file> controllers/bulletPtContactGripInt.xml </primitive_file>
    <primitive_file> controllers/bulletPtContactGripExt.xml </primitive_file>
    <primitive_file> controllers/bulletPtMultiDOFSineTest.xml </primitive_file>
    <primitive_file> controllers/bulletPtMultiDOFSineTestTorqueMode.xml </primitive_file>
    <primitive_file> controllers/bulletPtMultiDOFSineTestTorqueModeCloseLoop.xml </primitive_file>
    <primitive_file> controllers/bulletPtMultiDOFSineTestGainCap.xml </primitive_file>
    <primitive_file> controllers/bulletPtCartesianMultiDOFSineTest.xml </primitive_file>
    <primitive_file> controllers/bulletPtNullspaceTest.xml  </primitive_file>
    <primitive_file> controllers/bulletPtCollisionReaction.xml </primitive_file>
    <primitive_file> controllers/bulletPtCollisionRetract.xml </primitive_file>
    <primitive_file> controllers/bulletPtSetPath.xml </primitive_file>
    <primitive_file> controllers/bulletPtSetCartPath.xml </primitive_file>
    <primitive_file> controllers/bulletPtMoveStopStart.xml </primitive_file>
    <primitive_file> controllers/bulletPtMoveNoRedundancy.xml </primitive_file>
    <primitive_file> controllers/bulletPtJointStep.xml </primitive_file>
    <primitive_file> controllers/bulletPtMoveHybrid.xml </primitive_file>
    <primitive_file> controllers/bulletPtMoveImpedanceCtrlOrientation.xml </primitive_file>
    <primitive_file> controllers/bulletPtMoveImpedanceCtrlPositionSoft.xml </primitive_file>
    <primitive_file> controllers/bulletPtMoveImpedanceCtrlPositionStiff.xml </primitive_file>
    <primitive_file> controllers/bulletPtMoveCompliance.xml </primitive_file>
    <primitive_file> controllers/bulletPtMoveImpedanceOpenLoop.xml </primitive_file>
    <primitive_file> controllers/bulletPtSetHybridPath.xml </primitive_file>
    <primitive_file> controllers/bulletPtRubMating.xml </primitive_file>
    <primitive_file> controllers/bulletPtSlideMating.xml </primitive_file>
    <primitive_file> controllers/bulletPtRasterSlideMating.xml </primitive_file>
    <primitive_file> controllers/bulletPtAlignContact.xml </primitive_file>
    <primitive_file> controllers/bulletPtEdgeAlignContact.xml </primitive_file>
    <primitive_file> controllers/bulletPtSleeve.xml </primitive_file>
    <primitive_file> controllers/bulletPtMoveTrqMode.xml </primitive_file>
    <primitive_file> controllers/bulletPtMovePolish.xml </primitive_file>
    <primitive_file> controllers/bulletPtMovePolishCOP.xml </primitive_file>
    <primitive_file> controllers/bulletPtInteractiveMoveJointSpace.xml </primitive_file>
    <primitive_file> controllers/bulletPtInteractiveMoveLine.xml </primitive_file>
    <primitive_file> controllers/bulletPtInteractiveMoveCircle.xml </primitive_file>
    <primitive_file> controllers/bulletPtMoveLineWithPause.xml </primitive_file>
    <primitive_file> controllers/bulletPtObjContour.xml </primitive_file>
    <primitive_file> controllers/bulletPtObjContourILC.xml </primitive_file>
    <primitive_file> controllers/bulletPtObjContourFixed.xml </primitive_file>
    <primitive_file> controllers/bulletPtSlideSpiral.xml </primitive_file>
    <primitive_file> controllers/bulletPtSlideZigzag.xml </primitive_file>
    <primitive_file> controllers/bulletPtCartesianJogging.xml </primitive_file>
    <primitive_file> controllers/bulletPtJointJogging.xml </primitive_file>
    <primitive_file> controllers/bulletPtCaliSensorAnalysis.xml </primitive_file>
    <primitive_file> controllers/bulletPtCaliRobotDynamics.xml </primitive_file>
    <primitive_file> controllers/bulletPtMotionPlanning.xml </primitive_file>
    <primitive_file> controllers/bulletPtPinLocator.xml </primitive_file>
    <primitive_file> controllers/bulletPtForceWaveFormSensorImpedance.xml </primitive_file>
    <primitive_file> controllers/bulletPtMassage.xml </primitive_file>
    <primitive_file> controllers/bulletPtPihSpiral.xml </primitive_file>
    <primitive_file> controllers/bulletPtPihZigzag.xml </primitive_file>
    <primitive_file> controllers/bulletPtLogTorqueSensor.xml </primitive_file>
    <primitive_file> controllers/bulletPtMoveImpedanceCloseLoop.xml </primitive_file>
    <primitive_file> controllers/bulletPtPihCheckTran.xml </primitive_file>
    <primitive_file> controllers/bulletPtCartImpedanceFloating.xml </primitive_file>
    <primitive_file> controllers/bulletPtNavigation.xml </primitive_file>
    <primitive_file> controllers/bulletPtMoveTraj.xml </primitive_file>
    <primitive_file> controllers/bulletPtMoveTestDTO.xml </primitive_file>
    <primitive_file> controllers/bulletPtEdgeLearning.xml </primitive_file>
    <primitive_file> controllers/bulletPtCoordinateLearning.xml </primitive_file>
    <primitive_file> controllers/bulletPtPolishStiffer.xml </primitive_file>
    <primitive_file> controllers/bulletPtPolishStifferILC.xml </primitive_file>
    <primitive_file> controllers/bulletPtIbvsExp.xml </primitive_file>
    <primitive_file> controllers/bulletPtScrewFasten.xml </primitive_file>
    <primitive_file> controllers/bulletPtSurfaceLearning.xml </primitive_file>
    <primitive_file> controllers/bulletPtMpcPathFollowing.xml </primitive_file>
    <primitive_file> controllers/bulletPtMoveLESA.xml </primitive_file>
    <primitive_file> controllers/bulletPtMoveLineESA.xml </primitive_file>
    <primitive_file> controllers/bulletPtRdkJointTorqueRT.xml </primitive_file>
    <primitive_file> controllers/bulletPtRdkJointPositionRT.xml </primitive_file>
    <primitive_file> controllers/bulletPtRdkJointPositionNRT.xml </primitive_file>
    <primitive_file> controllers/bulletPtRdkCartImpedanceNRT.xml </primitive_file>
    <primitive_file> controllers/bulletPtRdkCartImpedanceRT.xml </primitive_file>
    <primitive_file> controllers/bulletPtRdkCartImpedancePOPC.xml </primitive_file>
    <primitive_file> controllers/bulletPtRdkCartOnlineMove.xml </primitive_file>
    <primitive_file> controllers/bulletPtRdkTcpWrenchPOPC.xml </primitive_file>
</fvr>