<?xml version="1.0"?>
<!-- ======== controller ================== -->
<fvr>
    <primitive_file> controllers/flexivPtReady.xml  </primitive_file>
    <primitive_file> controllers/flexivPtHold.xml  </primitive_file>
    <primitive_file> controllers/flexivPtHoldTorqueMode.xml  </primitive_file>
    <primitive_file> controllers/flexivPtHoldTorqueModeCloseLoop.xml  </primitive_file>
    <primitive_file> controllers/flexivPtStop.xml  </primitive_file>
    <primitive_file> controllers/flexivPtEnd.xml  </primitive_file>
    <primitive_file> controllers/flexivPtFault.xml  </primitive_file>
    <primitive_file> controllers/flexivPtGoTo.xml  </primitive_file>
    <primitive_file> controllers/flexivPtHome.xml </primitive_file>
    <primitive_file> controllers/flexivPtHomeTorqueMode.xml </primitive_file>
    <primitive_file> controllers/flexivPtHomeTorqueModeCloseLoop.xml </primitive_file>
    <primitive_file> controllers/flexivPtFloating.xml </primitive_file>
    <primitive_file> controllers/flexivPtFloatingSoft.xml </primitive_file>
    <primitive_file> controllers/flexivPtIntJntCtrl.xml </primitive_file>
    <primitive_file> controllers/flexivPtCaliForceSensor.xml </primitive_file>
    <primitive_file> controllers/flexivPtCaliJointTorqueSensorOffset.xml </primitive_file>
    <primitive_file> controllers/flexivPtCaliJointDynamicTorqueSensorOffset.xml </primitive_file>
    <primitive_file> controllers/flexivPtCaliJointStaticTorqueChannelOffset.xml </primitive_file>
    <primitive_file> controllers/flexivPtCaliJointTorqueSensorGain.xml </primitive_file>
    <primitive_file> controllers/flexivPtMove.xml </primitive_file>
    <primitive_file> controllers/flexivPtMoveImpedanceCtrlOrientation.xml </primitive_file>
    <primitive_file> controllers/flexivPtMoveImpedanceCtrlPositionSoft.xml </primitive_file>
    <primitive_file> controllers/flexivPtMoveImpedanceCtrlPositionStiff.xml </primitive_file>
    <primitive_file> controllers/flexivPtMoveCompliance.xml </primitive_file>
    <primitive_file> controllers/flexivPtMoveImpedanceOpenLoop.xml </primitive_file>
    <primitive_file> controllers/flexivPtMoveImpedanceCloseLoop.xml </primitive_file>
    <primitive_file> controllers/flexivPtMoveGainCap.xml </primitive_file>
    <primitive_file> controllers/flexivPtMovePTP.xml </primitive_file>
    <primitive_file> controllers/flexivPtMoveIK.xml </primitive_file>
    <primitive_file> controllers/flexivPtMovePTPTorqueMode.xml </primitive_file>
    <primitive_file> controllers/flexivPtMovePTPGainCap.xml </primitive_file>
    <primitive_file> controllers/flexivPtMoveJointSpace.xml </primitive_file>
    <primitive_file> controllers/flexivPtMoveJointSpaceTorqueMode.xml </primitive_file>
    <primitive_file> controllers/flexivPtMoveJointSpaceTorqueModeCloseLoop.xml </primitive_file>
    <primitive_file> controllers/flexivPtMoveJointSpacePVAT.xml </primitive_file>
    <primitive_file> controllers/flexivPtMoveJ.xml </primitive_file>
    <primitive_file> controllers/flexivPtTimeOptimalMoveJ.xml </primitive_file>
    <primitive_file> controllers/flexivPtMoveOptRed.xml </primitive_file>
    <primitive_file> controllers/flexivPtRecoveryMode.xml </primitive_file>
    <primitive_file> controllers/flexivPtMoveJointSpaceILC.xml </primitive_file>
    <primitive_file> controllers/flexivPtToolDynCali.xml </primitive_file>
    <primitive_file> controllers/flexivPtToolDynCaliWithJntTrq.xml </primitive_file>
    <primitive_file> controllers/flexivPtToolDynCaliWithJntTrqDiff.xml </primitive_file>
    <primitive_file> controllers/flexivPtToolDynCaliWithWrench.xml </primitive_file>
    <primitive_file> controllers/flexivPtSetConfigs.xml </primitive_file>
    <primitive_file> controllers/flexivPtForceCtrl.xml </primitive_file>
    <primitive_file> controllers/flexivPtForceWaveForm.xml </primitive_file>
    <primitive_file> controllers/flexivPtForceWaveFormOpenLoopImpedance.xml </primitive_file>
    <primitive_file> controllers/flexivPtForceWaveFormCloseLoopImpedance.xml </primitive_file>
    <primitive_file> controllers/flexivPtForceWaveFormTorqueMode.xml </primitive_file>
    <primitive_file> controllers/flexivPtForceWaveFormSensorGainCap.xml </primitive_file>
    <primitive_file> controllers/flexivPtForceWaveFormSensorImpedance.xml </primitive_file>
    <primitive_file> controllers/flexivPtMassage.xml </primitive_file>
    <primitive_file> controllers/flexivPtForceWaveFormSensor.xml </primitive_file>
    <primitive_file> controllers/flexivPtMPCBallBalancing.xml </primitive_file>
    <primitive_file> controllers/flexivPtCOPAdmit.xml </primitive_file>
    <primitive_file> controllers/flexivPtCOPAdmitGainCap.xml </primitive_file>
    <primitive_file> controllers/flexivPtExeForceSensor.xml </primitive_file>
    <primitive_file> controllers/flexivPtGrasp.xml </primitive_file>
    <primitive_file> controllers/flexivPtDetectMove.xml </primitive_file>
    <primitive_file> controllers/flexivPtDetector.xml </primitive_file>
    <primitive_file> controllers/flexivPtPathDetector.xml </primitive_file>
    <primitive_file> controllers/flexivPtContact.xml </primitive_file>
    <primitive_file> controllers/flexivPtTouch.xml </primitive_file>
    <primitive_file> controllers/flexivPtCaliInHandCam.xml </primitive_file>
    <primitive_file> controllers/flexivPtCaliGlobalCam.xml </primitive_file>
    <primitive_file> controllers/flexivPtMoveCam.xml </primitive_file>
    <primitive_file> controllers/flexivPtCartHoldStiff.xml </primitive_file>
    <primitive_file> controllers/flexivPtCartHoldSoft.xml </primitive_file>
    <primitive_file> controllers/flexivPtCartAdmit.xml </primitive_file>
    <primitive_file> controllers/flexivPtCartFloatingSoft.xml </primitive_file>
    <primitive_file> controllers/flexivPtCartFloating.xml </primitive_file>
    <primitive_file> controllers/flexivPtVisualServo.xml </primitive_file>
    <primitive_file> controllers/flexivPtPointIBVS.xml </primitive_file>
    <primitive_file> controllers/flexivPtLineIBVS.xml </primitive_file>
    <primitive_file> controllers/flexivPtDynaPointIBVS.xml </primitive_file>
    <primitive_file> controllers/flexivPtVisualTrack.xml </primitive_file>
    <primitive_file> controllers/flexivPtPBVSEIH.xml </primitive_file>
    <primitive_file> controllers/flexivPtPNPVS.xml </primitive_file>
    <primitive_file> controllers/flexivPtPBVSPIH.xml </primitive_file>
    <primitive_file> controllers/flexivPtPBVS.xml </primitive_file>
    <primitive_file> controllers/flexivPtPlan.xml </primitive_file>
    <primitive_file> controllers/flexivPtSemanticPlanning.xml </primitive_file>
    <primitive_file> controllers/flexivPtMoveSpline.xml </primitive_file>
    <primitive_file> controllers/flexivPtMoveC.xml </primitive_file>
    <primitive_file> controllers/flexivPtMoveLine.xml </primitive_file>
    <primitive_file> controllers/flexivPtMoveL.xml </primitive_file>
    <primitive_file> controllers/flexivPtMoveLineWithPause.xml </primitive_file>
    <primitive_file> controllers/flexivPtMoveMicroLine.xml </primitive_file>
    <primitive_file> controllers/flexivPtComposedMove.xml </primitive_file>
    <primitive_file> controllers/flexivPtComposedMoveHybrid.xml </primitive_file>
    <primitive_file> controllers/flexivPtMoveWait.xml </primitive_file>
    <primitive_file> controllers/flexivPtPolish.xml </primitive_file>
    <primitive_file> controllers/flexivPtPolishILC.xml </primitive_file>
    <primitive_file> controllers/flexivPtPolishSurfaceIn.xml </primitive_file>
    <primitive_file> controllers/flexivPtPolishStiff.xml </primitive_file>
    <primitive_file> controllers/flexivPtPolishStiffILC.xml </primitive_file>
    <primitive_file> controllers/flexivPtJointPerformanceTest.xml </primitive_file>
    <primitive_file> controllers/flexivPtJointPerformanceTestTorqueMode.xml </primitive_file>
    <primitive_file> controllers/flexivPtJointPerformanceTestTorqueModeCloseLoop.xml </primitive_file>
    <primitive_file> controllers/flexivPtSystemID.xml </primitive_file>
    <primitive_file> controllers/flexivPtJointConstantVelocityTest.xml </primitive_file>
    <primitive_file> controllers/flexivPtCaliJointPositionLinkEncoder.xml </primitive_file>
    <primitive_file> controllers/flexivPtCartesianPerformanceTest.xml </primitive_file>
    <primitive_file> controllers/flexivPtCartesianGainAutoTuning.xml </primitive_file>
    <primitive_file> controllers/flexivPtTwist.xml </primitive_file>
    <primitive_file> controllers/flexivPtTrayLoading.xml </primitive_file>
    <primitive_file> controllers/flexivPtTrayUnloading.xml </primitive_file>
    <primitive_file> controllers/flexivPtWaitersMotion.xml </primitive_file>
    <primitive_file> controllers/flexivPtPolishSurface.xml </primitive_file>
    <primitive_file> controllers/flexivPtEdgeLearning.xml </primitive_file>
    <primitive_file> controllers/flexivPtCompliantGripInt.xml </primitive_file>
    <primitive_file> controllers/flexivPtCompliantGripExt.xml </primitive_file>
    <primitive_file> controllers/flexivPtContactGripInt.xml </primitive_file>
    <primitive_file> controllers/flexivPtContactGripExt.xml </primitive_file>
    <primitive_file> controllers/flexivPtMultiDOFSineTest.xml </primitive_file>
    <primitive_file> controllers/flexivPtMultiDOFSineTestTorqueMode.xml </primitive_file>
    <primitive_file> controllers/flexivPtMultiDOFSineTestTorqueModeCloseLoop.xml </primitive_file>
    <primitive_file> controllers/flexivPtMultiDOFSineTestGainCap.xml </primitive_file>
    <primitive_file> controllers/flexivPtCartesianMultiDOFSineTest.xml </primitive_file>
    <primitive_file> controllers/flexivPtNullspaceTest.xml  </primitive_file>
    <primitive_file> controllers/flexivPtCollisionReaction.xml </primitive_file>
    <primitive_file> controllers/flexivPtCollisionRetract.xml </primitive_file>
    <primitive_file> controllers/flexivPtSetPath.xml </primitive_file>
    <primitive_file> controllers/flexivPtSetCartPath.xml </primitive_file>
    <primitive_file> controllers/flexivPtMoveStopStart.xml </primitive_file>
    <primitive_file> controllers/flexivPtMoveNoRedundancy.xml </primitive_file>
    <primitive_file> controllers/flexivPtJointStep.xml </primitive_file>
    <primitive_file> controllers/flexivPtMoveHybrid.xml </primitive_file>
    <primitive_file> controllers/flexivPtSetHybridPath.xml </primitive_file>
    <primitive_file> controllers/flexivPtRubMating.xml </primitive_file>
    <primitive_file> controllers/flexivPtSlideMating.xml </primitive_file>
    <primitive_file> controllers/flexivPtRasterSlideMating.xml </primitive_file>
    <primitive_file> controllers/flexivPtAlignContact.xml </primitive_file>
    <primitive_file> controllers/flexivPtEdgeAlignContact.xml </primitive_file>
    <primitive_file> controllers/flexivPtSleeve.xml </primitive_file>
    <primitive_file> controllers/flexivPtMoveTrqMode.xml </primitive_file>
    <primitive_file> controllers/flexivPtMovePolish.xml </primitive_file>
    <primitive_file> controllers/flexivPtMovePolishCOP.xml </primitive_file>
    <primitive_file> controllers/flexivPtInteractiveMoveJointSpace.xml </primitive_file>
    <primitive_file> controllers/flexivPtInteractiveMoveLine.xml </primitive_file>
    <primitive_file> controllers/flexivPtInteractiveMoveCircle.xml </primitive_file>
    <primitive_file> controllers/flexivPtObjContour.xml </primitive_file>
    <primitive_file> controllers/flexivPtObjContourILC.xml </primitive_file>
    <primitive_file> controllers/flexivPtObjContourFixed.xml </primitive_file>
    <primitive_file> controllers/flexivPtSlideSpiral.xml </primitive_file>
    <primitive_file> controllers/flexivPtSlideZigzag.xml </primitive_file>
    <primitive_file> controllers/flexivPtCartesianJogging.xml </primitive_file>
    <primitive_file> controllers/flexivPtJointJogging.xml </primitive_file>
    <primitive_file> controllers/flexivPtCaliSensorAnalysis.xml </primitive_file>
    <primitive_file> controllers/flexivPtCaliRobotDynamics.xml </primitive_file>
    <primitive_file> controllers/flexivPtMotionPlanning.xml </primitive_file>
    <primitive_file> controllers/flexivPtPinLocator.xml </primitive_file>
    <primitive_file> controllers/flexivPtPihSpiral.xml </primitive_file>
    <primitive_file> controllers/flexivPtPihZigzag.xml </primitive_file>
    <primitive_file> controllers/flexivPtLogTorqueSensor.xml </primitive_file>
    <primitive_file> controllers/flexivPtPihCheckTran.xml </primitive_file>
    <primitive_file> controllers/flexivPtCartImpedanceFloating.xml </primitive_file>
    <primitive_file> controllers/flexivPtMoveTraj.xml </primitive_file>
    <primitive_file> controllers/flexivPtPolishStiffer.xml </primitive_file>
    <primitive_file> controllers/flexivPtPolishStifferILC.xml </primitive_file>
    <primitive_file> controllers/flexivPtNavigation.xml </primitive_file>
    <primitive_file> controllers/flexivPtMoveTestDTO.xml </primitive_file>
    <primitive_file> controllers/flexivPtCoordinateLearning.xml </primitive_file>
    <primitive_file> controllers/flexivPtIbvsExp.xml </primitive_file>
    <primitive_file> controllers/flexivPtScrewFasten.xml </primitive_file>
    <primitive_file> controllers/flexivPtSurfaceLearning.xml </primitive_file>
    <primitive_file> controllers/flexivPtMpcPathFollowing.xml </primitive_file>
    <primitive_file> controllers/flexivPtMoveLESA.xml </primitive_file>
    <primitive_file> controllers/flexivPtMoveLineESA.xml </primitive_file>
    <primitive_file> controllers/flexivPtRdkJointTorqueRT.xml </primitive_file>
    <primitive_file> controllers/flexivPtRdkJointPositionRT.xml </primitive_file>
    <primitive_file> controllers/flexivPtRdkJointPositionNRT.xml </primitive_file>
    <primitive_file> controllers/flexivPtRdkCartImpedanceNRT.xml </primitive_file>
    <primitive_file> controllers/flexivPtRdkCartImpedanceRT.xml </primitive_file>
    <primitive_file> controllers/flexivPtRdkCartImpedancePOPC.xml </primitive_file>
    <primitive_file> controllers/flexivPtRdkCartOnlineMove.xml </primitive_file>
    <primitive_file> controllers/flexivPtRdkTcpWrenchPOPC.xml </primitive_file>
</fvr>