<?xml version="1.0"?>
<!-- ========================================================================== 
 primitive type options : 
 "INIT", "MOVE", "READY", "CONTACT", "SLIDE", "SLIDE_ADAPTIVE", "SLIDE_SPIRAL", 
 "SLIDE_SINEWAVE", "MAGNET", "PEGINHOLE"

robot type options : Flexiv, UR5, Bullet, Klampt
 ===========================================================================-->
<fvr>
    <primitive>
        <primitive_name> posCtrl </primitive_name>
        <primitive_type> POS_CTRL </primitive_type>
        <robot_type>Flexiv</robot_type>
        <param_configs>PtPosCtrl.xml</param_configs>
        <task>
            <priority> 0 </priority>
            <task_name>PosControl</task_name>
            <task_type>TASK_POS</task_type>
            <link_name>tcp</link_name>
            <pos_in_parent>0.0 0.0 0.0</pos_in_parent>
            <dof>3</dof>
            <kp>1300 1300 1300 </kp>
            <kv>80 80 80 </kv>
        </task>
        <task>
            <priority> 1 </priority>
            <task_name>PostureControl</task_name>
            <task_type>TASK_POSTURE</task_type>
            <dof>7</dof>
            <kp>50  100   100  100  300 400  400</kp>
            <kv>12  20.0  35  20   35  40  40</kv>
        </task>
    </primitive>
</fvr>
