<?xml version="1.0"?>
<!-- ========================================================================== 
 primitive type options : 
 "INIT", "MOVE", "READY", "CONTACT", "SLIDE", "SLIDE_ADAPTIVE", "SLIDE_SPIRAL", 
 "SLIDE_SINEWAVE", "MAGNET", "PEGINHOLE"

robot type options : Flexiv, UR5, Bullet, Klampt
 ===========================================================================-->
<fvr>
    <primitive>
        <primitive_name> rub </primitive_name>
        <primitive_type> RUB </primitive_type>
        <robot_type>Flexiv</robot_type>
        <param_configs>PtRub.xml</param_configs>
        <task>
            <priority> 0 </priority>
            <task_name>UnifiedControl</task_name>
            <task_type>TASK_UNIFIED</task_type>
            <link_name>tcp</link_name>
            <pos_in_parent>0.0 0.0 0.0</pos_in_parent>
            <dof>6</dof>
            <kp>1300 1300 1300 5500 5500 5500</kp>
            <kv>80 80 80 120 120 120</kv>
            <ki>2.0 2.0 2.0  0.015  0.015 0.015 </ki>
            <force_kp>0.001  0.001  0.05   0.01  0.01   0.00</force_kp>
            <force_kv>0.00  0.00   10   0.0  0.0   0.0</force_kv>
            <force_ki>0.0   0.0    0.000100   0.00  0.00   0.0</force_ki>
            <max_iForce> 15.0 15.0 15.0  5.0  5.0 5.0</max_iForce>
            <force_FFRatio> 0.35 </force_FFRatio>
        </task>
        <task>
            <priority> 1 </priority>
            <task_name>PostureControl</task_name>
            <task_type>TASK_POSTURE</task_type>
            <dof>7</dof>
            <kp>40  40  40  40  60   60   60</kp>
            <kv>30  30  30  30   30   30  35</kv>
        </task>
    </primitive>
</fvr>
