<?xml version="1.0"?>
<!-- ========================================================================== 
 primitive type options : 
 "INIT", "MOVE", "READY", "CONTACT", "SLIDE", "SLIDE_ADAPTIVE", "SLIDE_SPIRAL", 
 "SLIDE_SINEWAVE", "MAGNET", "PEGINHOLE"

robot type options : Flexiv, UR5, Bullet, Klampt
 ===========================================================================-->
<fvr>
    <primitive>
        <primitive_name> floating </primitive_name>
        <primitive_type> FLOATING </primitive_type>
        <robot_type>Flexiv</robot_type>
        <control_mode>CMD_CTRL_POS_SIM</control_mode>
        <param_configs>PtFloating.xml</param_configs>
        <task>
            <priority> 0 </priority>
            <task_name>JointAdmit</task_name>
            <task_type>TASK_JNTADMIT</task_type>
            <dof>7</dof>
            <kp>3600 3600 3600 3600 3600 3600 3600</kp>
            <kv>120  120  120  120  120  120  120</kv>
            <force_kp>0.04  0.04  0.04  0.06  0.5  0.5  4</force_kp>
            <force_kv>0.4  0.4  0.4  0.8  2 2  6</force_kv>
            <forceDeadband>1.5 1.5 1.2 1.2 0.7 0.7 0.45</forceDeadband>
        </task>
    </primitive>
</fvr>
