<?xml version="1.0"?>
<!-- ========================================================================== 
 primitive type options : 
 "INIT", "MOVE", "READY", "CONTACT", "SLIDE", "SLIDE_ADAPTIVE", "SLIDE_SPIRAL", 
 "SLIDE_SINEWAVE", "MAGNET", "PEGINHOLE"

robot type options : Flexiv, UR5, Bullet, Klampt
 ===========================================================================-->
<fvr>
    <primitive>
        <primitive_name> ready </primitive_name>
        <primitive_type> READY </primitive_type>
        <robot_type>Flexiv</robot_type>
        <param_configs>PtReady.xml</param_configs>
        <task>
            <priority> 0 </priority>
            <task_name>JointConstraint</task_name>
            <task_type>TASK_JOINTCONSTRAINT</task_type>
            <dof>7</dof>
            <kp>200 200  200  300  900  1000  1000</kp>
            <kv>15 15 15 30 40 60 60</kv>
        </task>
        <task>
            <priority> 1 </priority>
            <task_name>CartConstraint</task_name>
            <task_type>TASK_CARTCONSTRAINT</task_type>
            <link_name>tcp</link_name>
            <pos_in_parent>0.0 0.0 0.0</pos_in_parent>
            <dof>6</dof>
            <kp>350 350 350 850 850 850</kp>
            <kv>20 25 20 35 35 35 </kv>
            <friction_compensation> 0 </friction_compensation>
        </task>
        <task>
            <priority> 2 </priority>
            <task_name>PosOriControlForceCap</task_name>
            <task_type>TASK_POS_ORI_FORCECAP</task_type>
            <link_name>flange</link_name>
            <pos_in_parent>0.0 0.0 0.0</pos_in_parent>
            <dof>6</dof>
            <kp>1000 1000 1000 3000 3000 3000</kp>
            <kv>50 50 50 50 50 50 </kv>
            <friction_compensation> 0 </friction_compensation>
        </task>
        <task>
            <priority> 3 </priority>
            <task_name>PostureControl</task_name>
            <task_type>TASK_POSTURE</task_type>
            <dof>7</dof>
            <kp>40  40  40  40  60   60   60</kp>
            <kv>25  25  25  25   25   25  35</kv>
        </task>
    </primitive>
</fvr>
