<?xml version="1.0"?>
<!-- ==========================================================================
 primitive type options :
 "INIT", "MOVE", "READY", "CONTACT", "SLIDE", "SLIDE_ADAPTIVE", "SLIDE_SPIRAL",
 "SLIDE_SINEWAVE", "MAGNET", "PEGINHOLE"

robot type options : Flexiv, UR5, Bullet, Klampt
 ===========================================================================-->
<fvr>
    <primitive>
        <primitive_name> CartesianPerformanceTest </primitive_name>
        <primitive_type> CARTESIAN_PERFORMANCE_TEST </primitive_type>
        <robot_type>Flexiv</robot_type>
        <param_configs>PtCartesianPerformanceTest.xml</param_configs>
        <task>
            <priority> 0 </priority>
            <task_name>PosOriControl</task_name>
            <task_type>TASK_POS_ORI</task_type>
            <link_name>tcp</link_name>
            <pos_in_parent>0.0 0.0 0.0</pos_in_parent>
            <dof>6</dof>
            <kp>1000 1000 1000 3000 3000 3000</kp>
            <kv>50 50 50 50 50 50</kv>
            <ki>2.0 2.0 2.0  0.015  0.015 0.015 </ki>
            <max_iForce> 15.0 15.0 15.0  5.0  5.0 5.0</max_iForce>
            <friction_compensation> 0 </friction_compensation>
        </task>
        <task>
            <priority> 1 </priority>
            <task_name>PostureControl</task_name>
            <task_type>TASK_POSTURE</task_type>
            <dof>7</dof>
            <kp>40  40  40  40  60   60   60</kp>
            <kv>25  25  25  25   25   25  35</kv>
        </task>
    </primitive>
</fvr>
