<?xml version="1.0"?>
<!-- ==========================================================================
 primitive type options :
 "INIT", "MOVE", "READY", "CONTACT", "SLIDE", "SLIDE_ADAPTIVE", "SLIDE_SPIRAL",
 "SLIDE_SINEWAVE", "MAGNET", "PEGINHOLE"

robot type options : Flexiv, UR5, Bullet, Klampt
 ===========================================================================-->
<fvr>
    <primitive>
        <primitive_name> interactive_move_jntspace </primitive_name>
        <primitive_type> INTERACTIVE_MOVE_JNTSPACE </primitive_type>
        <robot_type>Flexiv</robot_type>
        <control_mode>CMD_CTRL_POS_SIM</control_mode>
        <param_configs>PtInteractiveMoveJointSpace.xml</param_configs>
        <task>
            <priority> 0 </priority>
            <task_name>JointConstraint</task_name>
            <task_type>TASK_JOINTCONSTRAINT</task_type>
            <dof>7</dof>
            <kp>200 200  200  300  900  1000  1000</kp>
            <kv>15 15 15 30 40 60 60</kv>
        </task>
        <task>
            <priority> 1 </priority>
            <task_name>PostureControl</task_name>
            <task_type>TASK_POSTURE</task_type>
            <dof>7</dof>
            <kp>3600 3600 3600 3600 3600 3600 3600</kp>
            <kv>120  120  120  120  120  120  120</kv>
            <friction_compensation> 0 </friction_compensation>
        </task>
    </primitive>
</fvr>
