<?xml version="1.0"?>
<!-- ========================================================================== 
 primitive type options : 
 "INIT", "MOVE", "READY", "CONTACT", "SLIDE", "SLIDE_ADAPTIVE", "SLIDE_SPIRAL", 
 "SLIDE_SINEWAVE", "MAGNET", "PEGINHOLE"

robot type options : Flexiv, UR5, Bullet, Klampt
 ===========================================================================-->
<fvr>
    <primitive>
        <primitive_name> Grasp </primitive_name>
        <primitive_type> GRASP </primitive_type>
        <robot_type>Flexiv</robot_type>
        <param_configs>PtGrasp.xml</param_configs>
        <task>
            <priority> 0 </priority>
            <task_name>PostureControl</task_name>
            <task_type>TASK_POSTURE</task_type>
            <dof>7</dof>
            <kp>1200 1200 1200 1100 1100 1600 1200</kp>
            <kv>60 60 60  30  50  60  50</kv>
        </task>
    </primitive>
</fvr>
