<?xml version="1.0"?>
<!-- ==========================================================================
 primitive type options :
 "INIT", "MOVE", "READY", "CONTACT", "SLIDE", "SLIDE_ADAPTIVE", "SLIDE_SPIRAL",
 "SLIDE_SINEWAVE", "MAGNET", "PEGINHOLE"

robot type options : Flexiv, UR5, Bullet, Klampt
 ===========================================================================-->
<fvr>
    <primitive>
        <primitive_name> intJntCtrl </primitive_name>
        <primitive_type> INTERACTIVE_JNTCTRL </primitive_type>
        <robot_type>Flexiv</robot_type>
        <control_mode>CMD_CTRL_OPEN_LOOP_TORQUE</control_mode>
        <param_configs>PtIntJntCtrl.xml</param_configs>
        <task>
            <priority> 0 </priority>
            <task_name>JointConstraint</task_name>
            <task_type>TASK_JOINTCONSTRAINT</task_type>
            <dof>7</dof>
            <kp>200 200  200  300  900  1000  1000</kp>
            <kv>15 15 15 30 40 60 60</kv>
        </task>
        <task>
            <priority> 1 </priority>
            <task_name>JointTorqueControl</task_name>
            <task_type>TASK_JOINTTORQUE</task_type>
            <dof>7</dof>
            <kp>30  60 50  70  150  300  400</kp>
            <kv>3  3  4  10   12  20  30</kv>
        </task>
        <task>
            <priority> 2 </priority>
            <task_name>PostureControl</task_name>
            <task_type>TASK_POSTURE</task_type>
            <dof>7</dof>
            <kp>1200 1200 1200 1100 1100 1600 1200</kp>
            <kv>60 60 60  30  50  60  50</kv>
        </task>
    </primitive>
</fvr>
