<?xml version="1.0"?>
<!-- ==========================================================================
 primitive type options :
 "INIT", "MOVE", "READY", "CONTACT", "SLIDE", "SLIDE_ADAPTIVE", "SLIDE_SPIRAL",
 "SLIDE_SINEWAVE", "MAGNET", "PEGINHOLE"

robot type options : Flexiv, UR5, Bullet, Klampt
 ===========================================================================-->
<fvr>
    <primitive>
        <primitive_name> forceWaveFormSensorGainCap </primitive_name>
        <primitive_type> FORCE_WAVEFORM_SENSOR </primitive_type>
        <robot_type>Flexiv</robot_type>
        <control_mode>CMD_CTRL_CLOSE_LOOP_TORQUE</control_mode>
        <param_configs>PtForceWaveFormSensor.xml</param_configs>
        <joint_dob_damping>5.0 5.0 5.0 5.0 2.0 2.0 2.0</joint_dob_damping>
        <task>
            <priority> 0 </priority>
            <task_name>UnifiedControl</task_name>
            <task_type>TASK_VARIABLESTIFFNESS_GAINCAP</task_type>
            <link_name>tcp</link_name>
            <pos_in_parent>0.0 0.0 0.0</pos_in_parent>
            <dof>6</dof>
            <kp>500 500 500 1000 1000 1000</kp>
            <kv>25 25 25 50 50 50</kv>
            <ki>0.0 0.0 0.0 0.0 0.0 0.0</ki>
            <force_kp>0.20  0.20  0.20   5.0   5.0   5.0</force_kp>
            <force_kv>25.0  25.0  25.0   50.0  50.0  50.0</force_kv>
            <force_ki>0.02   0.02   0.02   0.01  0.01   0.01</force_ki>
            <max_iForce> 25 25 25 5 5 5</max_iForce>
        </task>
        <task>
            <priority> 1 </priority>
            <task_name>PostureControl</task_name>
            <task_type>TASK_POSTURE</task_type>
            <dof>7</dof>
            <kp>40  40  40  40  60  60  60</kp>
            <kv>30  30  30  30  30  30  35</kv>
        </task>
    </primitive>
</fvr>
