<?xml version="1.0"?>
<!-- ==========================================================================
 primitive type options :
 "INIT", "MOVE", "READY", "CONTACT", "SLIDE", "SLIDE_ADAPTIVE", "SLIDE_SPIRAL",
 "SLIDE_SINEWAVE", "MAGNET", "PEGINHOLE"

robot type options : Flexiv, UR5, Bullet, Klampt
 ===========================================================================-->
<fvr>
    <primitive>
        <primitive_name> multidof_sinetest_gaincap </primitive_name>
        <primitive_type> MULTIDOF_SINETEST_TORQUEMODE </primitive_type>
        <robot_type>Flexiv</robot_type>
        <control_mode>CMD_CTRL_CLOSE_LOOP_TORQUE</control_mode>
        <param_configs>PtMultiDOFSineTestTorqueMode.xml</param_configs>
        <task>
            <priority> 0 </priority>
            <task_name>PostureControl</task_name>
            <task_type>TASK_POSTURE_GAINCAP</task_type>
            <dof>7</dof>
            <kp>800  800  800  800  2000 2000 2000</kp>
            <kv>15   15   15   15   30   30   30</kv>
            <!-- <kp>1500 1500 1500 1500 500 500 500</kp>
            <kv>60   60   60   60   5   5   5</kv> -->
        </task>
    </primitive>
</fvr>
