<?xml version="1.0"?>
<!-- ==========================================================================
 primitive type options :
 "INIT", "MOVE", "READY", "CONTACT", "SLIDE", "SLIDE_ADAPTIVE", "SLIDE_SPIRAL",
 "SLIDE_SINEWAVE", "MAGNET", "PEGINHOLE"

robot type options : Flexiv, UR5, Bullet, Klampt
 ===========================================================================-->
<fvr>
    <primitive>
        <primitive_name> move_noredundancy </primitive_name>
        <primitive_type> MOVE_NOREDUNDANCY </primitive_type>
        <robot_type>Flexiv</robot_type>
        <param_configs>PtMoveNoRedundancy.xml</param_configs>
        <task>
            <priority> 0 </priority>
            <task_name>JointControl</task_name>
            <task_type>TASK_JNTCTRL</task_type>
            <dof>7</dof>
            <jntCtrlSwitch>0 0 0 0 0 0 0</jntCtrlSwitch>
            <kp>1200 1200 1200 1100 1100 1600 1200</kp>
            <kv>60 60 60  30  50  60  50</kv>
            <ki>0.03 0.03 0.03 0.03   0.0025  0.0025 0.002</ki>
            <max_iForce> 1.0 3.0 1.0  1.0  0.5 1.0 0.5</max_iForce>
        </task>
        <task>
            <priority> 1 </priority>
            <task_name>PosOriControl</task_name>
            <task_type>TASK_POS_ORI</task_type>
            <link_name>flange</link_name>
            <pos_in_parent>0.0 0.0 0.0</pos_in_parent>
            <dof>6</dof>
            <kp>1000 1000 1000 2800  2800  2800</kp>
            <kv>35   35   35   45    45    45 </kv>
            <ki>2.0 2.0 2.0  0.015  0.015 0.015 </ki>
            <max_iForce> 15.0 15.0 15.0  5.0  5.0 5.0</max_iForce>
            <friction_compensation> 0 </friction_compensation>
        </task>
        <task>
            <priority> 2 </priority>
            <task_name>PostureControl</task_name>
            <task_type>TASK_POSTURE_BLENDING</task_type>
            <dof>7</dof>
            <kp>40  40  40  40  60   60   60</kp>
            <kv>30  30  30  30   30   30  35</kv>
        </task>
    </primitive>
</fvr>
