<?xml version="1.0"?>
<!-- ===========================================================================
 tool_name: tool name
 tool_type: tool type is defined in string format
 tcp_position    : tcp position in tool coordinate [m]
 tcp_orientation : [w; x; y; z] quaternion in tool coordinate
 mass : kg
 inertia : [ Ixx Iyy Izz Ixy Ixz Iyz ] at the center of mass (tool coordinate)
 center_of_mass : [m] in tool coordinate

 graphics/position_in_parent : posiiton in parent coordinate [m]
 graphics/orientation_in_parent : [w; x; y; z] quaternion in parent coordinate
 =========================================================================== -->
<fvr>
    <tool_name>LiquidLens</tool_name>
    <tool_type> TOOL_LIQUIDLENS </tool_type>
    <tcp>
        <tcp_position>0.0 0.0 0.0</tcp_position>
        <tcp_orientation>1.0 0.0 0.0 0.0</tcp_orientation>
    </tcp>
    <mass>0.0</mass>
    <inertia>0.0 0.0 0.0 0.0 0.0 0.0</inertia>
    <center_of_mass>0.0 0.0 0.0 </center_of_mass>
    <graphics>
        <obj_file>
            <path>graphics/cube.obj</path>
            <position_in_parent>0.0 0.0 0.0</position_in_parent>
            <orientation_in_parent>1.0 0.0 0.0 0.0</orientation_in_parent>
            <scaling>1 0.6 0.3</scaling>
        </obj_file>
    </graphics>
    <!-- =======================================================================
                           device configuration parameters
    Notice: this part is specified by the developers and cannot be modified in
            UIApp
    =========================================================================-->
    <device_par_config>
        <par_name> liquidLensName </par_name>
        <par_desc>"the name of the liquid"</par_desc>
        <par_type>STRING</par_type>
        <par_unit> none</par_unit>
        <par_value>lens_1</par_value>
    </device_par_config>
    <device_par_config>
        <par_name> maxVoltage </par_name>
        <par_desc>"max voltage"</par_desc>
        <par_unit>none</par_unit>
        <par_type>INT</par_type>
        <par_value>1023</par_value>
    </device_par_config>
    <device_par_config>
        <par_name> minVoltage </par_name>
        <par_desc>"min voltage"</par_desc>
        <par_unit> none </par_unit>
        <par_type>INT</par_type>
        <par_value>0</par_value>
    </device_par_config>
    <!-- =======================================================================
                            device command parameters
    Notice: this part can be specified by the users in UIApp
    =========================================================================-->
    <device_par_command>
        <par_name> targetVoltage </par_name>
        <par_desc> "desired voltage of the liquid lens" </par_desc>
        <par_type> INT </par_type>
        <par_unit> none </par_unit>
        <par_required> 1 </par_required>
        <par_min> 0 </par_min>
        <par_max> 1023 </par_max>
        <par_default> 0 </par_default>
    </device_par_command>
    <!-- =======================================================================
                            device state parameters
    Notice: this part is specified by the developers and cannot be modified in
            UIApp
    =========================================================================-->
    <device_par_state>
        <par_name> state </par_name>
        <par_desc> "the state of the liquid lens" </par_desc>
        <par_type> TYPE </par_type>
        <par_unit> none</par_unit>
        <par_option> LIQUIDLENS_OK LIQUIDLENS_ERROR </par_option>
    </device_par_state>
    <device_par_state>
        <par_name> errorCode </par_name>
        <par_desc> "the error code to set the voltage" </par_desc>
        <par_type> INT </par_type>
        <par_unit> none</par_unit>
    </device_par_state>
    <device_par_state>
        <par_name> response </par_name>
        <par_desc> "the responsed information" </par_desc>
        <par_type> STRING </par_type>
        <par_unit> none</par_unit>
    </device_par_state>
</fvr>
