<?xml version="1.0"?>
<!-- ===========================================================================
 tool_name: tool name 
 tool_type: tool type is defined in string format 
 tcp_position    : tcp position in tool coordinate [m]
 tcp_orientation : [w; x; y; z] quaternion in tool coordinate
 mass : kg
 inertia : [ Ixx Iyy Izz Ixy Ixz Iyz ] at the center of mass (tool coordinate)
 center_of_mass : [m] in tool coordinate
  
 graphics/position_in_parent : posiiton in parent coordinate [m]
 graphics/orientation_in_parent : [w; x; y; z] quaternion in parent coordinate 
 =========================================================================== -->
<fvr>
    <tool_name>MultiTcpToolExample</tool_name>
    <tool_type> TOOL_RIGIDBODY </tool_type>
    <tcp>
        <tcp_position>0.0 0.0 0.1</tcp_position>
        <tcp_orientation>1.0 0.0 0.0 0.0</tcp_orientation>
    </tcp>
    <tcp>
        <tcp_position>0.0 0.15 0.05</tcp_position>
        <tcp_orientation>1.0 0.0 0.0 0.0</tcp_orientation>
    </tcp>
    <mass>0.2</mass>
    <inertia>2.768e-05 3.149e-05 5.64e-05 0.0 0.0 0.0</inertia>
    <center_of_mass>0.0 0.0 0.08 </center_of_mass>
    <graphics>
        <obj_file>
            <path>graphics/toolCube.obj</path>
            <position_in_parent>0.0 0.0 0.05</position_in_parent>
            <orientation_in_parent>1.0 0.0 0.0 0.0</orientation_in_parent>
            <scaling>0.1 0.1 1</scaling>
        </obj_file>
        <obj_file>
            <path>graphics/toolCube.obj</path>
            <position_in_parent>0.0 0.075 0.05</position_in_parent>
            <orientation_in_parent>0.7071068 0.7071068 0 0</orientation_in_parent>
            <scaling>0.1 0.1 1.5</scaling>
        </obj_file>
    </graphics>
</fvr>
