<?xml version="1.0"?>
<fvr>
    <primitive>
        <pt_desc>In this primitive, robot would contact with environment in predefined Cartesian direction
        with set force, while adjusting its position and orientation to be compliant with environment at the same time.  
        </pt_desc>
        <!-- ==================================================================
         ui parameter configuration (optional)
         check more detailed setting in CommonParams.xml
         ====================================================================-->
        <ui_par_config>
            <icon>:blockpalette/images/block/icon_alignContact.svg</icon>
        </ui_par_config>
        <!-- ===================================================================
         input parameter configuration

         par_type : "CART_POS", "QUAT", "POSE", "BOOL", "DOUBLE", "INT", "STRING"
         ====================================================================-->
        <input_par_config>
            <par_name> contactDir </par_name>
            <par_desc> "contact direction in tool coordinate. It could be 0, 1 or -1 for each axis. 
                        If set as 1 or -1, the robot would make force control on corresponding direction" </par_desc>
            <par_type> VEC_3d </par_type>
            <par_required> 0 </par_required>
            <par_unit> none </par_unit>
            <par_default> 0 0 1  </par_default>
            <par_max> 1 1 1 </par_max>
            <par_min> -1 -1 -1 </par_min>
        </input_par_config>
        <input_par_config>
            <par_name> alignmentDir </par_name>
            <par_desc> "alignment direction in tool coordinate. It could be 0 or 1 for each axis. 
                        if set as 1, the robot would be force compliant in corresponding axis. 
                        For example, (0,1,0,1,0,0) means compliant in linear y and rotation x axis" </par_desc>
            <par_type> VEC_6i </par_type>
            <par_unit> none </par_unit>
            <par_required> 0 </par_required>
            <par_default> 0 0 0 0 0 0  </par_default>
            <par_max> 1 1 1 1 1 1 </par_max>
            <par_min> 0 0 0 0 0 0 </par_min>
        </input_par_config>
        <input_par_config>
            <par_name> targetForce </par_name>
            <par_desc> "target contact force in tcp coordinate that robot output on pre-set force control axis" </par_desc>
            <par_type> DOUBLE </par_type>
            <par_unit> N </par_unit>
            <par_min> 5 </par_min>
            <par_max> 30 </par_max>
            <par_required> 0 </par_required>
            <par_default> 5  </par_default>
        </input_par_config>
        <input_par_config>
            <par_name> deadbandScale</par_name>
            <par_desc> "robot alignment wrench deadband scale. 
                        Robot would not adjust its position or orientation when external wrench torque is smaller than this deadband"</par_desc>
            <par_type> DOUBLE </par_type>
            <par_unit> none </par_unit>
            <par_required> 0 </par_required>
            <par_min> 0.0 </par_min>
            <par_max> 1.0 </par_max>
            <par_default> 0.5 </par_default>
        </input_par_config>
        <input_par_config>
            <par_name> freeSpaceVel </par_name>
            <par_desc> "velocity in free space" </par_desc>
            <par_type> DOUBLE </par_type>
            <par_unit> m/s </par_unit>
            <par_required> 0 </par_required>
            <par_default> 0.01  </par_default>
            <par_max> 0.03 </par_max>
            <par_min> 0.001 </par_min>
        </input_par_config>
        <input_par_config>
            <par_name> alignVelScale </par_name>
            <par_desc> "scale of alignment speed to observed external wrench. 
                        Robot would adjust its pose faster when this value is bigger, but may become less stable. 
                        The default value is recommended." </par_desc>
            <par_type> DOUBLE </par_type>
            <par_unit> none </par_unit>
            <par_required> 0 </par_required>
            <par_default> 0.2  </par_default>
            <par_max> 1.0 </par_max>
            <par_min> 0.0 </par_min>
        </input_par_config>
        <input_par_config>
            <par_name> oriAlignMode </par_name>
            <par_desc> "orientation alignment mode.Not Work Currently." </par_desc>
            <par_type> BOOL </par_type>
            <par_unit> none </par_unit>
            <par_required> 0 </par_required>
            <par_default> 0  </par_default>
        </input_par_config>
        <!-- ===================================================================
         state parameter configuration
         ====================================================================-->
        <state_par_config>
            <par_name> alignContacted </par_name>
            <par_desc> "robot contact and is alignment with environment" </par_desc>
            <par_type> BOOL </par_type>
            <par_unit> none </par_unit>
        </state_par_config>
        <state_par_config>
            <par_name> insertDis </par_name>
            <par_desc> "robot insertion distance in contact direction" </par_desc>
            <par_type> DOUBLE</par_type>
            <par_unit> m </par_unit>
        </state_par_config>
        <!-- ===================================================================
                output parameter configuration
        ====================================================================-->
        <output_par_config>
            <par_name> cmdPose </par_name>
            <par_desc> "command tcp pose in world coordinate before terminating primitive" </par_desc>
            <par_type> COORD </par_type>
            <par_unit> m-deg </par_unit>
        </output_par_config>
        <!-- ==================================================================
         default transition condition  
          condition_type : trigger condition type    
          lhs_param_name : LHS parameter name. It must be one of the state parameters in primitive  
          lhs_param_category : LHS parameter category. This should be PT_STATE for now 
          rhs_param_name (optional): RHS parameter name. no need to fill this field if rhs is a constant.
          rhs_param_category : RHS parameter category 
          rhs_param_data (optional) : RHS parameter data. 
         ====================================================================-->
        <default_transition_condition>
            <condition_type> EQUAL</condition_type>
            <lhs_param_name>alignContacted</lhs_param_name>
            <lhs_param_category>PT_STATE</lhs_param_category>
            <rhs_param_category>CONST</rhs_param_category>
            <rhs_param_data>1</rhs_param_data>
        </default_transition_condition>
    </primitive>
</fvr>
