<?xml version="1.0"?>
<!-- ==========================================================================
 primitive type options :
 "INIT", "MOVE", "READY", "CONTACT", "SLIDE", "SLIDE_ADAPTIVE", "SLIDE_SPIRAL",
 "SLIDE_SINEWAVE", "MAGNET", "PEGINHOLE"

robot type options : Flexiv, UR5, Bullet, Klampt
 ===========================================================================-->
<fvr>
    <primitive>
        <!-- ===================================================================
         input parameter configuration

         par_type : "CART_POS", "QUAT", "POSE", "BOOL", "DOUBLE", "INT", "STRING"
         par_input_type : "KEYIN", "TEACH", "PT"
         ====================================================================-->
        <input_par_config>
            <par_name> sineAmp </par_name>
            <par_desc> "sine amplitude" </par_desc>
            <par_type> VEC_6d </par_type>
            <par_unit> none </par_unit>
            <par_required> 0 </par_required>
            <par_default> 0.0 0.0 0.0 0.0 30.0 0.0</par_default>
        </input_par_config>
        <input_par_config>
            <par_name> sineFreq </par_name>
            <par_desc> "sine frequency" </par_desc>
            <par_type> VEC_6d </par_type>
            <par_unit> Hz </par_unit>
            <par_required> 0 </par_required>
            <par_default> 0.1 0.1 0.1 0.1 0.1 0.1</par_default>
        </input_par_config>
        <input_par_config>
            <par_name> sinePhase </par_name>
            <par_desc> "sine phase" </par_desc>
            <par_type> VEC_6d </par_type>
            <par_unit> deg </par_unit>
            <par_required> 0 </par_required>
            <par_default> 0 0 0 0 0 0</par_default>
        </input_par_config>
        <input_par_config>
            <par_name> sineOffset </par_name>
            <par_desc> "sine offset [m/deg]" </par_desc>
            <par_type> VEC_6d </par_type>
            <par_unit> none </par_unit>
            <par_required> 0 </par_required>
            <par_default> 0 0 0 0 0 0</par_default>
        </input_par_config>
        <input_par_config>
            <par_name> testingPeriod </par_name>
            <par_desc> "testing period" </par_desc>
            <par_type> DOUBLE </par_type>
            <par_unit> s </par_unit>
            <par_required> 0 </par_required>
            <par_default> 30.0 </par_default>
        </input_par_config>
        <input_par_config>
            <par_name> maxVel </par_name>
            <par_desc> "maximum Cartesian linear velocity" </par_desc>
            <par_type> DOUBLE </par_type>
            <par_unit> m/s </par_unit>
            <par_required> 0 </par_required>
            <par_default>0.2 </par_default>
        </input_par_config>
        <input_par_config>
            <par_name> maxRotVel </par_name>
            <par_desc> "maximum Cartesian angular velocity" </par_desc>
            <par_type> DOUBLE </par_type>
            <par_unit> rad/s </par_unit>
            <par_required> 0 </par_required>
            <par_default>1.0 </par_default>
        </input_par_config>
        <input_par_config>
            <par_name> preferJntPos </par_name>
            <par_desc> preferred target joint configuration. The robot is compliance with Cartesian constraint while reaching this configuration as close as possible.</par_desc>
            <par_type> VEC_7d </par_type>
            <par_unit> deg </par_unit>
            <par_required> 0 </par_required>
            <par_default> 0.0 -40.0 0.0 90.0 0.0 40.0 0.0 </par_default>
            <par_max> 160  130  170  154 170  260  170</par_max>
            <par_min> -160 -130 -170 -107 -170 -80 -170</par_min>
            <par_freedrive> 1 </par_freedrive>
        </input_par_config>
        <!-- ===================================================================
         state parameter configuration
         ====================================================================-->
    </primitive>
</fvr>
