<?xml version="1.0"?>
<fvr>
    <primitive>
        <!-- ===================================================================
         input parameter configuration

         par_type : "CART_POS", "QUAT", "POSE", "BOOL", "DOUBLE", "INT", "STRING"
         par_input_type : "KEYIN", "TEACH" , "PT"
         ====================================================================-->
        <input_par_config>
            <par_name> admitAxis </par_name>
            <par_desc> "Admittance control axes in local coordinate. 1: admittance control. 0: fixed" </par_desc>
            <par_type> VEC_6i </par_type>
            <par_unit> none </par_unit>
            <par_required> 0 </par_required>
            <par_default> 0 0 0 0 0 0 </par_default>
        </input_par_config>
        <!-- ===================================================================
         state parameter configuration
         ====================================================================-->
    </primitive>
</fvr>
