<?xml version="1.0"?>
<!-- ==========================================================================
 primitive type options :
 "INIT", "MOVE", "READY", "CONTACT", "SLIDE", "SLIDE_ADAPTIVE", "SLIDE_SPIRAL",
 "SLIDE_SINEWAVE", "MAGNET", "PEGINHOLE"

robot type options : Flexiv, UR5, Bullet, Klampt
 ===========================================================================-->
<fvr>
    <primitive>
        <pt_desc> match 2-D trajectories and return a transformation from one trajectory to the other </pt_desc>
        <!-- ===================================================================
         input parameter configuration

         par_type : "CART_POS", "QUAT", "POSE", "BOOL", "DOUBLE", "INT", "STRING"
         par_input_type : "KEYIN", "TEACH", "PT"
         ====================================================================-->
        <input_par_config>
            <par_name> taughtTrajFileName </par_name>
            <par_desc> "name of the taught trajectory file" </par_desc>
            <par_type> STRING </par_type>
            <par_required> 1 </par_required>
            <par_unit> none </par_unit>
        </input_par_config>
        <input_par_config>
            <par_name> edgeLearntTrajFileName </par_name>
            <par_desc> "name of the edge learnt trajectory file" </par_desc>
            <par_type> STRING </par_type>
            <par_required> 1 </par_required>
            <par_unit> none </par_unit>
        </input_par_config>
        <input_par_config>
            <par_name> gaussianSigma </par_name>
            <par_desc> "Gaussian filter standard deviation for trajectories processing" </par_desc>
            <par_type> DOUBLE </par_type>
            <par_unit> none </par_unit>
            <par_required> 0 </par_required>
            <par_default> 0.8 </par_default>
        </input_par_config>
        <input_par_config>
            <par_name> resampleDist </par_name>
            <par_desc> "Resample distance for trajectory paths" </par_desc>
            <par_type> DOUBLE </par_type>
            <par_unit> mm </par_unit>
            <par_required> 0 </par_required>
            <par_default> 3 </par_default>
        </input_par_config>
        <input_par_config>
            <par_name> matchThreshold </par_name>
            <par_desc> "Match threshold for two trajectories to match successfully, -1 ~ 1" </par_desc>
            <par_type> DOUBLE </par_type>
            <par_unit> none </par_unit>
            <par_required> 0 </par_required>
            <par_default> 0.6 </par_default>
        </input_par_config>
        <!-- ===================================================================
         state parameter configuration
         ====================================================================-->
        <state_par_config>
            <par_name> reachedTarget </par_name>
            <par_desc> "flag to indicate if the robot has reached target" </par_desc>
            <par_type> BOOL</par_type>
            <par_unit> none </par_unit>
        </state_par_config>
        <!-- ===================================================================
                output parameter configuration
        ====================================================================-->
        <output_par_config>
            <par_name> transformation </par_name>
            <par_desc> the transformation from the taught traj to edge learnt traj. It is represented in world coordinate. </par_desc>
            <par_type> COORD </par_type>
            <par_unit> m-deg </par_unit>
        </output_par_config>
        <!-- ==================================================================
         default transition condition  
          condition_type : trigger condition type    
          lhs_param_name : LHS parameter name. It must be one of the state parameters in primitive  
          lhs_param_category : LHS parameter category. This should be PT_STATE for now 
          rhs_param_name (optional): RHS parameter name. no need to fill this field if rhs is a constant.
          rhs_param_category : RHS parameter category 
          rhs_param_data (optional) : RHS parameter data. 
         ====================================================================-->
        <default_transition_condition>
            <condition_type> EQUAL</condition_type>
            <lhs_param_name>reachedTarget</lhs_param_name>
            <lhs_param_category>PT_STATE</lhs_param_category>
            <rhs_param_category>CONST</rhs_param_category>
            <rhs_param_data>1</rhs_param_data>
        </default_transition_condition>
    </primitive>
</fvr>
