<?xml version="1.0"?>
<!-- ==========================================================================
 primitive type options :
 "INIT", "MOVE", "READY", "CONTACT", "SLIDE", "SLIDE_ADAPTIVE", "SLIDE_SPIRAL",
 "SLIDE_SINEWAVE", "MAGNET", "PEGINHOLE"

robot type options : Flexiv, UR5, Bullet, Klampt
 ===========================================================================-->
<fvr>
    <primitive>
        <pt_desc>This primitive drives robot to predefined home (joint) position.</pt_desc>
        <!-- ==================================================================
         primitive license (optional)
         ====================================================================-->
        <!-- <public_key_file>simple_test.public_key </public_key_file>
        <signature_file> simple_test.signature</signature_file>
        <license_file>home.lic </license_file> -->
        <!-- ==================================================================
         ui parameter configuration (optional)
         check more detailed setting in CommonParams.xml
         ====================================================================-->
        <ui_par_config>
            <icon>:blockpalette/images/block/icon_home.svg</icon>
        </ui_par_config>
        <!-- ===================================================================
         input parameter configuration
         ====================================================================-->
        <input_par_config>
            <par_name> maxJntVel </par_name>
            <par_desc> "maximum joint velocity for each joint" </par_desc>
            <par_type> VEC_7d</par_type>
            <par_unit> deg/s </par_unit>
            <par_required> 0 </par_required>
            <par_default> 20.0 20.0 20.0 20.0 20.0 20.0 20.0 </par_default>
            <par_max> 120 120 140 140 280 280 280 </par_max>
            <par_min> 0 0 0 0 0 0 0 </par_min>
        </input_par_config>
        <input_par_config>
            <par_name> maxJntAcc </par_name>
            <par_desc> "maximum joint acceleration for each joint" </par_desc>
            <par_type> VEC_7d</par_type>
            <par_unit> deg/s^2 </par_unit>
            <par_required> 0 </par_required>
            <par_default> 10.0 10.0 10.0 10.0 10.0 10.0 10.0 </par_default>
            <par_max> 1000 1000 1000 1000 1000 1000 1000 </par_max>
            <par_min> 0 0 0 0 0 0 0 </par_min>
        </input_par_config>
        <input_par_config>
            <par_name> target </par_name>
            <par_desc> "joint position" </par_desc>
            <par_type> VEC_7d</par_type>
            <par_unit> deg </par_unit>
            <par_required> 0 </par_required>
            <par_default> 0.0 -40.0 0.0 90.0 0.0 40.0 0.0 </par_default>
            <par_max> 160 120 170 154 170 260 170 </par_max>
            <par_min> -160 -120 -170 -107 -170 -80 -170 </par_min>
            <par_freedrive> 1 </par_freedrive>
        </input_par_config>
        <!-- ===================================================================
         state parameter configuration
         ====================================================================-->
        <state_par_config>
            <par_name> reachedTarget </par_name>
            <par_desc> "flag to indicate if the robot has reached target" </par_desc>
            <par_type> BOOL</par_type>
            <par_unit> none </par_unit>
        </state_par_config>
        <!-- ===================================================================
                output parameter configuration
         ====================================================================-->
        <!-- ==================================================================
         default transition condition
          condition_type : trigger condition type
          lhs_param_name : LHS parameter name. It must be one of the state parameters in primitive
          lhs_param_category : LHS parameter category. This should be PT_STATE for now
          rhs_param_name (optional): RHS parameter name. no need to fill this field if rhs is a constant.
          rhs_param_category : RHS parameter category
          rhs_param_data (optional) : RHS parameter data.
         ====================================================================-->
        <default_transition_condition>
            <condition_type> EQUAL</condition_type>
            <lhs_param_name>reachedTarget</lhs_param_name>
            <lhs_param_category>PT_STATE</lhs_param_category>
            <rhs_param_category>CONST</rhs_param_category>
            <rhs_param_data>1</rhs_param_data>
        </default_transition_condition>
    </primitive>
</fvr>
