<?xml version="1.0"?>
<fvr>
    <primitive>
        <pt_desc>This primitive implements an Image Based Visual Servo (IBVS) with in-hand camera.
        The robot moves camera to align with the predefined target image features.
        It is commonly used as a high precision positioning primitive.</pt_desc>
        <!-- ==================================================================
         ui parameter configuration (optional)
         check more detailed setting in CommonParams.xml
         ====================================================================-->
        <ui_par_config>
            <icon>:blockpalette/images/block/icon_Visual_Control.svg</icon>
        </ui_par_config>
        <!-- ===================================================================
         input parameter configuration

         par_type : "CART_POS", "QUAT", "POSE", "BOOL", "DOUBLE", "INT", "STRING"
         ====================================================================-->
        <input_par_config>
            <par_name> maxVel </par_name>
            <par_desc> "maximum linear velocity of in-hand camera" </par_desc>
            <par_type> DOUBLE </par_type>
            <par_unit> m/s </par_unit>
            <par_required> 0 </par_required>
            <par_default> 0.1 </par_default>
            <par_max> 1.0 </par_max>
            <par_min> 0.0 </par_min>
        </input_par_config>
        <input_par_config>
            <par_name> maxRotVel </par_name>
            <par_desc> "maximum angular velocity of in-hand camera" </par_desc>
            <par_type> DOUBLE </par_type>
            <par_unit> deg/s </par_unit>
            <par_required> 0 </par_required>
            <par_default>60.0 </par_default>
        </input_par_config>
        <input_par_config>
            <par_name> targetFeaturePoints </par_name>
            <par_desc> "target feature points in the image, two cooridinates for one point (pixel)." </par_desc>
            <par_type> ARRAY_DOUBLE</par_type>
            <par_unit> none </par_unit>
            <par_required> 1 </par_required>
            <par_default> 205.0 116.0 196.0 260.0 345.0 263.0 349.0 112.0 </par_default>
        </input_par_config>
        <input_par_config>
            <par_name> targetTolerance </par_name>
            <par_desc> "threshold for IBVS reached target condition in pixel. The tolerance for each feature point." </par_desc>
            <par_type> DOUBLE </par_type>
            <par_unit> none </par_unit>
            <par_required> 1 </par_required>
            <par_default> 5.0 </par_default>
        </input_par_config>
        <input_par_config>
            <par_name> isPlanar </par_name>
            <par_desc> "flag if is a planar case" </par_desc>
            <par_type> BOOL </par_type>
            <par_unit> none </par_unit>
            <par_required> 0 </par_required>
            <par_default> 0 </par_default>
        </input_par_config>
        <input_par_config>
            <par_name> depthCam </par_name>
            <par_desc> "nominal feature point depth in camera frame" </par_desc>
            <par_type> DOUBLE </par_type>
            <par_unit> m </par_unit>
            <par_required> 0 </par_required>
            <par_default> 0.22 </par_default>
        </input_par_config>
        <input_par_config>
            <par_name> objName </par_name>
            <par_desc> "object's name" </par_desc>
            <par_type> OBJNAME </par_type>
            <par_unit> none </par_unit>
            <par_required> 1 </par_required>
        </input_par_config>
        <input_par_config>
            <par_name> camId </par_name>
            <par_desc> "camera id" </par_desc>
            <par_type> INT </par_type>
            <par_unit> none </par_unit>
            <par_required> 1 </par_required>
        </input_par_config>
        <!-- ===================================================================
         state parameter configuration
         ====================================================================-->
        <state_par_config>
            <par_name> reachedTarget </par_name>
            <par_desc> "flag to indicate if the camera has reached target" </par_desc>
            <par_type> BOOL</par_type>
            <par_unit> none </par_unit>
        </state_par_config>
        <!-- ===================================================================
                output parameter configuration
         ====================================================================-->
    </primitive>
</fvr>
