<?xml version="1.0"?>
<fvr>
    <primitive>
        <pt_desc>This primitive does an Image Based Visual Servo (IBVS) with feature lines. The goal is to
        align an object position with a target position defined in the camera image frame
        with the motion of the robot. It is commonly used as a high precision positioning primitive.</pt_desc>
        <!-- ==================================================================
         ui parameter configuration (optional)
         check more detailed setting in CommonParams.xml
         ====================================================================-->
        <ui_par_config>
            <icon>:blockpalette/images/block/icon_Visual_Control.svg</icon>
        </ui_par_config>
        <!-- ===================================================================
         input parameter group configuration : this section of the field is used
          for custom widgets that display a part of primitive parameters in the UI
         group_name : The group name of the grouped parameter group
         par_name : The parameter name of the grouped parameter,
         ====================================================================-->
        <!-- <input_par_group>
            <group_name> featurePtsInfo </group_name>
            <par_name> targetImgLines </par_name>
            <par_name> targetImgLinesDepth </par_name>
        </input_par_group> -->
        <!-- ===================================================================
         input parameter configuration

         par_type : "CART_POS", "QUAT", "POSE", "BOOL", "DOUBLE", "INT", "STRING"
         ====================================================================-->
        <input_par_config>
            <par_name> targetImgLines </par_name>
            <par_desc> "points on target feature lines in the image, four cooridinates for one line (pixel)" </par_desc>
            <par_type> ARRAY_DOUBLE</par_type>
            <par_unit> none </par_unit>
            <par_required> 1 </par_required>
        </input_par_config>
        <input_par_config>
            <par_name> targetImgLinesDepth</par_name>
            <par_desc> "Depth in camera Z axis of points corresponding to targetFLPtsImg" </par_desc>
            <par_type> ARRAY_DOUBLE</par_type>
            <par_unit> m </par_unit>
            <par_required> 1 </par_required>
            <par_min> 0.01 </par_min>
        </input_par_config>
        <input_par_config>
            <par_name> motionAxis </par_name>
            <par_desc> "allowed motion axis during visual servo in camera coordinate,
                        Notive: rx and ry motion can only be valid when feature lines is no less than 4 and form a planar convex polygon" </par_desc>
            <par_type> VEC_6i </par_type>
            <par_unit> none </par_unit>
            <par_required> 0 </par_required>
            <par_default> 1 1 1 0 0 1 </par_default>
            <par_max> 1 1 1 1 1 1 </par_max>
            <par_min> 0 0 0 0 0 0 </par_min>
        </input_par_config>
        <input_par_config>
            <par_name> maxVel </par_name>
            <par_desc> "maximum Cartesian linear velocity" </par_desc>
            <par_type> DOUBLE </par_type>
            <par_unit> m/s </par_unit>
            <par_required> 0 </par_required>
            <par_default> 0.05 </par_default>
            <par_max> 0.5 </par_max>
            <par_min> 0.0 </par_min>
        </input_par_config>
        <input_par_config>
            <par_name> maxRotVel </par_name>
            <par_desc> "maximum Cartesian angular velocity " </par_desc>
            <par_type> DOUBLE </par_type>
            <par_unit> deg/s </par_unit>
            <par_required> 0 </par_required>
            <par_default>20.0 </par_default>
            <par_max> 100 </par_max>
            <par_min> 0.0 </par_min>
        </input_par_config>
        <input_par_config>
            <par_name> velScale</par_name>
            <par_desc> "scale to speed up visual servo velocity. Mainly works near targets
                        feature points. May cause vibration if set too large" </par_desc>
            <par_type> DOUBLE </par_type>
            <par_unit> none </par_unit>
            <par_required> 0 </par_required>
            <par_default> 1 </par_default>
            <par_max> 10.0 </par_max>
            <par_min> 0.0 </par_min>
        </input_par_config>
        <input_par_config>
            <par_name> rotVelScale</par_name>
            <par_desc> "scale to speed up visual servo angular velocity. Mainly works near targets
                        feature points. May cause vibration if set too large" </par_desc>
            <par_type> DOUBLE </par_type>
            <par_unit> none </par_unit>
            <par_required> 0 </par_required>
            <par_default> 1 </par_default>
            <par_max> 10.0 </par_max>
            <par_min> 0.0 </par_min>
        </input_par_config>
        <input_par_config>
            <par_name> interceptConvTol</par_name>
            <par_desc> "line intercept convergent tolerance[pixel]" </par_desc>
            <par_type> INT </par_type>
            <par_unit> none </par_unit>
            <par_min> 0 </par_min>
            <par_required> 0 </par_required>
            <par_default> 5 </par_default>
            <par_max> 200 </par_max>
            <par_min> 2 </par_min>
        </input_par_config>
        <input_par_config>
            <par_name> angleConvTol</par_name>
            <par_desc> "line angle convergent tolerance level[degree]" </par_desc>
            <par_type> DOUBLE </par_type>
            <par_unit> deg </par_unit>
            <par_min> 0 </par_min>
            <par_required> 0 </par_required>
            <par_default> 3 </par_default>
            <par_max> 30 </par_max>
            <par_min> 0.05 </par_min>
        </input_par_config>
        <input_par_config>
            <par_name> objName </par_name>
            <par_desc> "object's name" </par_desc>
            <par_type> OBJNAME </par_type>
            <par_unit> none </par_unit>
            <par_required> 1 </par_required>
        </input_par_config>
        <input_par_config>
            <par_name> camId </par_name>
            <par_desc> "camera id" </par_desc>
            <par_type> TYPE </par_type>
            <par_unit> none </par_unit>
            <par_required> 1 </par_required>
            <par_option> CAMID_0 CAMID_1 CAMID_2 CAMID_3 CAMID_4 CAMID_5 CAMID_6 CAMID_7 </par_option>
        </input_par_config>
        <input_par_config>
            <par_name> openVSPrediction </par_name>
            <par_desc> "if set as true, robot would make forward prediction time during AI commuication interval." </par_desc>
            <par_type> BOOL </par_type>
            <par_unit> none </par_unit>
            <par_required> 0 </par_required>
            <par_default> 1 </par_default>
        </input_par_config>
        <!-- ===================================================================
         state parameter configuration
         ====================================================================-->
        <state_par_config>
            <par_name> reachedTarget </par_name>
            <par_desc> "flag to indicate if the camera has reached target" </par_desc>
            <par_type> BOOL</par_type>
            <par_unit> none </par_unit>
        </state_par_config>
        <!-- ==================================================================
         default transition condition
          condition_type : trigger condition type
          lhs_param_name : LHS parameter name. It must be one of the state parameters in primitive
          lhs_param_category : LHS parameter category. This should be PT_STATE for now
          rhs_param_name (optional): RHS parameter name. no need to fill this field if rhs is a constant.
          rhs_param_category : RHS parameter category
          rhs_param_data (optional) : RHS parameter data.
         ====================================================================-->
        <default_transition_condition>
            <condition_type> EQUAL</condition_type>
            <lhs_param_name> reachedTarget </lhs_param_name>
            <lhs_param_category>PT_STATE</lhs_param_category>
            <rhs_param_category>CONST</rhs_param_category>
            <rhs_param_data>1</rhs_param_data>
        </default_transition_condition>
    </primitive>
</fvr>
