<?xml version="1.0"?>
<fvr>
    <primitive>
        <!-- ===================================================================
         input parameter configuration
         ====================================================================-->
        <input_par_config>
            <par_name> waitTime </par_name>
            <par_desc> "wait time before start collecting sensor data" </par_desc>
            <par_type> DOUBLE </par_type>
            <par_unit> s </par_unit>
            <par_required> 0 </par_required>
            <par_default> 3.0 </par_default>
        </input_par_config>
        <!-- ===================================================================
         state parameter configuration
         ====================================================================-->
    </primitive>
</fvr>
