<?xml version="1.0"?>
<!-- ==========================================================================
 primitive type options :
 "INIT", "MOVE", "READY", "CONTACT", "SLIDE", "SLIDE_ADAPTIVE", "SLIDE_SPIRAL",
 "SLIDE_SINEWAVE", "MAGNET", "PEGINHOLE"

robot type options : Flexiv, UR5, Bullet, Klampt
 ===========================================================================-->
<fvr>
    <primitive>
        <pt_desc> The primitive plans a trajectory while avoiding obstacles to a
         goal pose/joint configuration. The joint velocity and acceleration
         limits to move the robot can be specified by the user.</pt_desc>
        <!-- ==================================================================
         ui parameter configuration (optional)
         check more detailed setting in CommonParams.xml
         ====================================================================-->
        <ui_par_config>
            <icon>:blockpalette/images/block/icon_Motion_Planning.svg</icon>
        </ui_par_config>
        <!-- ===================================================================
         input parameter configuration
         ====================================================================-->
        <input_par_config>
            <par_name> maxJntVel </par_name>
            <par_desc> "maximum joint velocity for each joint" </par_desc>
            <par_type> VEC_7d</par_type>
            <par_required> 0 </par_required>
            <par_unit> deg/s </par_unit>
            <par_default> 60.0 60.0 70.0 70.0 140.0 140.0 140.0 </par_default>
            <par_max> 120 120 140 140 280 280 280 </par_max>
            <par_min> 0 0 0 0 0 0 0 </par_min>
        </input_par_config>
        <input_par_config>
            <par_name> maxJntAcc </par_name>
            <par_desc> "maximum joint acceleration for each joint" </par_desc>
            <par_type> VEC_7d</par_type>
            <par_required> 0 </par_required>
            <par_unit> deg/s^2 </par_unit>
            <par_default> 360 360 420 420 840 840 840 </par_default>
            <par_max> 1000 1000 1000 1000 1000 1000 1000 </par_max>
            <par_min> 0 0 0 0 0 0 0 </par_min>
        </input_par_config>
        <input_par_config>
            <par_name> enableAI </par_name>
            <par_desc> "Choose whether to use object name (and AI) or user defined target pose as the input for the motion planner" </par_desc>
            <par_type> BOOL </par_type>
            <par_unit> none </par_unit>
            <par_required> 1 </par_required>
            <par_default> 0 </par_default>
        </input_par_config>
        <input_par_config>
            <par_name> targetPose </par_name>
            <par_desc> potential target pose </par_desc>
            <par_type> COORD </par_type>
            <par_unit> m-deg </par_unit>
            <par_default> 0 0 0 0 0 0 WORLD WORLD_ORIGIN</par_default>
            <par_option>WORLD::WORLD_ORIGIN</par_option>
            <par_required> 0 </par_required>
            <par_freedrive> 1 </par_freedrive>
        </input_par_config>
        <input_par_config>
            <par_name> objectName </par_name>
            <par_desc> "name of the AI target to reach (used by AI) " </par_desc>
            <par_type> STRING </par_type>
            <par_unit> none </par_unit>
            <par_required> 0 </par_required>
            <par_default> ObjectName </par_default>
        </input_par_config>
        <input_par_config>
            <par_name> targetTolLevel </par_name>
            <par_desc> "tolerance level of target pose accuracy ranged from 1 to 10, where 1 is the smallest tolerence" </par_desc>
            <par_type> INT </par_type>
            <par_unit> none </par_unit>
            <par_required> 0 </par_required>
            <par_default> 1 </par_default>
            <par_max> 10 </par_max>
            <par_min> 1 </par_min>
        </input_par_config>
        <input_par_config>
            <par_name> planningDuration </par_name>
            <par_desc> "duration for planning" </par_desc>
            <par_type> DOUBLE </par_type>
            <par_unit> s </par_unit>
            <par_required> 0 </par_required>
            <par_default> 100 </par_default>
            <par_max> 100000 </par_max>
            <par_min> 1 </par_min>
        </input_par_config>
        <input_par_config>
            <par_name> maximumExternalTorque </par_name>
            <par_desc> "maximum external torque above which the robot stops" </par_desc>
            <par_type> DOUBLE </par_type>
            <par_unit> Nm </par_unit>
            <par_required> 0 </par_required>
            <par_max> 100 </par_max>
            <par_min> 0 </par_min>
            <par_default> 50 </par_default>
        </input_par_config>
        <input_par_config>
            <par_name> enableReplanning </par_name>
            <par_desc> "enable replanning of trajectory if the current trajectory is infeasible" </par_desc>
            <par_type> BOOL </par_type>
            <par_unit> none </par_unit>
            <par_required> 0 </par_required>
            <par_default> 0 </par_default>
        </input_par_config>
        <input_par_config>
            <par_name> minObstacleDistance </par_name>
            <par_desc> "Minimum distance to obstacles while generating trajectory" </par_desc>
            <par_type> DOUBLE </par_type>
            <par_required> 0 </par_required>
            <par_unit> m </par_unit>
            <par_default> 0 </par_default>
            <par_max> 1 </par_max>
            <par_min> 0 </par_min>
        </input_par_config>
        <input_par_config>
            <par_name> maxCartesianVelocity </par_name>
            <par_desc> "Maximum cartesian velocity of the TCP" </par_desc>
            <par_type> DOUBLE </par_type>
            <par_required> 0 </par_required>
            <par_unit> m/s </par_unit>
            <par_default> 1.0 </par_default>
            <par_max> 2.2 </par_max>
            <par_min> 0.01 </par_min>
        </input_par_config>
        <!-- ===================================================================
         state parameter configuration
         ====================================================================-->
        <state_par_config>
            <par_name> reachedTarget </par_name>
            <par_desc> "flag to indicate if the robot has reached target" </par_desc>
            <par_type> BOOL</par_type>
            <par_unit> none </par_unit>
        </state_par_config>
        <state_par_config>
            <par_name> collision </par_name>
            <par_desc> "flag to indicate if the robot has collided with the environment" </par_desc>
            <par_type> BOOL</par_type>
            <par_unit> none </par_unit>
        </state_par_config>
        <state_par_config>
            <par_name> feasible </par_name>
            <par_desc> "flag to indicate if the goal can be reached" </par_desc>
            <par_type> BOOL</par_type>
            <par_unit> none </par_unit>
        </state_par_config>
        <state_par_config>
            <par_name> waypointIndex </par_name>
            <par_desc> "Index of the current waypoint the robot just passed. The waypoint index is 0 indexed where the 0th index is the initial pose" </par_desc>
            <par_type> INT </par_type>
            <par_unit> none </par_unit>
            <par_min> 0 </par_min>
        </state_par_config>
        <!-- ===================================================================
                output parameter configuration
         ====================================================================-->
        <!-- ==================================================================
         default transition condition
          condition_type : trigger condition type
          lhs_param_name : LHS parameter name. It must be one of the state parameters in primitive
          lhs_param_category : LHS parameter category. This should be PT_STATE for now
          rhs_param_name (optional): RHS parameter name. no need to fill this field if rhs is a constant.
          rhs_param_category : RHS parameter category
          rhs_param_data (optional) : RHS parameter data.
         ====================================================================-->
        <default_transition_condition>
            <condition_type> EQUAL</condition_type>
            <lhs_param_name>reachedTarget</lhs_param_name>
            <lhs_param_category>PT_STATE</lhs_param_category>
            <rhs_param_category>CONST</rhs_param_category>
            <rhs_param_data>1</rhs_param_data>
        </default_transition_condition>
    </primitive>
</fvr>
