 <?xml version="1.0"?>
<!-- ==========================================================================
 primitive type options :
 "INIT", "MOVE", "READY", "CONTACT", "SLIDE", "SLIDE_ADAPTIVE", "SLIDE_SPIRAL",
 "SLIDE_SINEWAVE", "MAGNET", "PEGINHOLE"

robot type options : Flexiv, UR5, Bullet, Klampt
 ===========================================================================-->
<fvr>
    <primitive>
        <pt_desc> This primitive (torque mode) executes the trajectory specified by the trajectory editor.
        Any tcp axis can be defined as either position or force control. Users can also choose to play the
        trajectory in reverse mode or step by step. </pt_desc>
        <!-- ==================================================================
         ui parameter configuration (optional)
         check more detailed setting in CommonParams.xml
         ====================================================================-->
        <ui_par_config>
            <icon>:blockpalette/images/block/icon_Polishing.svg</icon>
        </ui_par_config>
        <!-- ===================================================================
         input parameter configuration

         par_type : "CART_POS", "QUAT", "POSE", "BOOL", "DOUBLE", "INT", "STRING"
         par_input_type : "KEYIN", "TEACH", "PT"
         ====================================================================-->
        <input_par_config>
            <par_name> fileName </par_name>
            <par_desc> "Name of the polish trajectory" </par_desc>
            <par_type> FILE </par_type>
            <par_unit> none </par_unit>
            <par_required> 1 </par_required>
            <par_option> .traj </par_option>
        </input_par_config>
        <input_par_config>
            <par_name> forceAxis </par_name>
            <par_desc> "force axis" </par_desc>
            <par_type> VEC_6d </par_type>
            <par_unit> none </par_unit>
            <par_required> 1 </par_required>
            
        </input_par_config>
        <input_par_config>
            <par_name> copAxis </par_name>
            <par_desc> "Define axis in work frame for cop or other control" </par_desc>
            <par_type> VEC_6i </par_type>
            <par_unit> none </par_unit>
            <par_required> 1 </par_required>
            
        </input_par_config>
        <input_par_config>
            <par_name> goalCop </par_name>
            <par_desc> "Target center of pressure in the work frame" </par_desc>
            <par_type> VEC_3d </par_type>
            <par_unit> m </par_unit>
            <par_required> 0 </par_required>
            <par_default> 0 0 0</par_default>
            <par_max> 0.20 0.20 0.20</par_max>
            <par_min> -0.20 -0.20 -0.20</par_min>
            
        </input_par_config>
        <input_par_config>
            <par_name> frictionViscousCoeff </par_name>
            <par_desc> "viscous coefficient of friction" </par_desc>
            <par_type> DOUBLE </par_type>
            <par_unit> none </par_unit>
            <par_required> 0 </par_required>
            <par_default> 0.0 </par_default>
            
        </input_par_config>
        <input_par_config>
            <par_name> preferJntPos </par_name>
            <par_desc> preferred target joint configuration. The robot is compliance with Cartesian constraint while reaching this configuration as close as possible.</par_desc>
            <par_type> VEC_7d </par_type>
            <par_unit> deg </par_unit>
            <par_required> 0 </par_required>
            <par_default> 0.0 -40.0 0.0 90.0 0.0 40.0 0.0 </par_default>
            <par_max> 160  130  170  154 170  260  170</par_max>
            <par_min> -160 -130 -170 -107 -170 -80 -170</par_min>
            <par_freedrive> 1 </par_freedrive>
        </input_par_config>
        <input_par_config>
            <par_name> reverseTrajectory </par_name>
            <par_desc> "reverse trajectory" </par_desc>
            <par_type> BOOL </par_type>
            <par_unit> none </par_unit>
            <par_required> 0 </par_required>
            <par_default> 0 </par_default>
            
        </input_par_config>
        <input_par_config>
            <par_name> forceScale </par_name>
            <par_desc> "force scale factor [0-1]" </par_desc>
            <par_type> DOUBLE </par_type>
            <par_unit> none </par_unit>
            <par_required> 0 </par_required>
            <par_default> 1.0 </par_default>
            <par_max> 1 </par_max>
            <par_min> 0 </par_min>
            
        </input_par_config>
        <input_par_config>
            <par_name> velocityScale </par_name>
            <par_desc> "velocity scale factor [0-1]" </par_desc>
            <par_type> DOUBLE </par_type>
            <par_unit> none </par_unit>
            <par_required> 0 </par_required>
            <par_default> 1.0 </par_default>
            <par_max> 1 </par_max>
            <par_min> 0 </par_min>
            
        </input_par_config>
        <input_par_config>
            <par_name> trajectoryOffset </par_name>
            <par_desc> "Offset from trajectory file" </par_desc>
            <par_type> POSE </par_type>
            <par_unit> m-deg </par_unit>
            <par_required> 0 </par_required>
            <par_default> 0 0 0 180 0 180 </par_default>
            <par_freedrive> 1 </par_freedrive>
        </input_par_config>
        <input_par_config>
            <par_name> stepMode </par_name>
            <par_desc> "mode to step through each waypoint" </par_desc>
            <par_type> BOOL </par_type>
            <par_unit> none </par_unit>
            <par_required> 0 </par_required>
            <par_default> 0.0 </par_default>
            
        </input_par_config>

        <!-- ===================================================================
         state parameter configuration
         ====================================================================-->
        <state_par_config>
            <par_name> reachedTarget </par_name>
            <par_desc> "flag to indicate if the robot has reached target" </par_desc>
            <par_type> BOOL</par_type>
            <par_unit> none </par_unit>
        </state_par_config>
        <state_par_config>
            <par_name> waypointIndex </par_name>
            <par_desc> "Index of the current waypoint the robot just passed. The waypoint index is 0 indexed where the 0th index is the initial pose" </par_desc>
            <par_type> INT </par_type>
            <par_unit> none </par_unit>
            <par_min> 0 </par_min>
        </state_par_config>
        <!-- ===================================================================
                output parameter configuration
         ====================================================================-->
        <output_par_config>
            <par_name> firstPoseOut </par_name>
            <par_desc> "Pose of the first way point. It is represented in world coordinate."</par_desc>
            <par_type> COORD </par_type>
            <par_unit> m-deg </par_unit>
        </output_par_config>
        <output_par_config>
            <par_name> firstWrenchOut </par_name>
            <par_desc> "Wrench of the first way point. It is represented in world coordinate." </par_desc>
            <par_type> VEC_6d </par_type>
            <par_unit> N </par_unit>
        </output_par_config>
        <output_par_config>
            <par_name> forceAxisOut </par_name>
            <par_desc> "force axis" </par_desc>
            <par_type> VEC_6d </par_type>
            <par_unit> none </par_unit>
        </output_par_config>
        <!-- ==================================================================
         default transition condition
          condition_type : trigger condition type
          lhs_param_name : LHS parameter name. It must be one of the state parameters in primitive
          lhs_param_category : LHS parameter category. This should be PT_STATE for now
          rhs_param_name (optional): RHS parameter name. no need to fill this field if rhs is a constant.
          rhs_param_category : RHS parameter category
          rhs_param_data (optional) : RHS parameter data.
         ====================================================================-->
        <default_transition_condition>
            <condition_type> EQUAL</condition_type>
            <lhs_param_name>reachedTarget</lhs_param_name>
            <lhs_param_category>PT_STATE</lhs_param_category>
            <rhs_param_category>CONST</rhs_param_category>
            <rhs_param_data>1</rhs_param_data>
        </default_transition_condition>
    </primitive>
</fvr>
