<?xml version="1.0"?>
<!-- ==========================================================================
 primitive type options :
 "INIT", "MOVE", "READY", "CONTACT", "SLIDE", "SLIDE_ADAPTIVE", "SLIDE_SPIRAL",
 "SLIDE_SINEWAVE", "MAGNET", "PEGINHOLE"

robot type options : Flexiv, UR5, Bullet, Klampt
 ===========================================================================-->
<fvr>
    <primitive>
            <pt_desc>Move in joint space which passes through
            the waypoints and target tcp pose specified by user. </pt_desc>
        <!-- ==================================================================
         ui parameter configuration (optional)
         check more detailed setting in CommonParams.xml
         ====================================================================-->
        <ui_par_config>
            <icon>:blockpalette/images/block/icon_moveIK.svg</icon>
        </ui_par_config>
        <!-- ===================================================================
         input parameter configuration
         ====================================================================-->      
        <input_par_config>
            <par_name> target </par_name>
            <par_desc> target (tcp) coordinate </par_desc>
            <par_type> COORD </par_type>
            <par_unit> m-deg </par_unit>
            <par_option>TRAJ::START WORLD::WORLD_ORIGIN</par_option>
            <par_required> 1 </par_required>
            <par_input_type>  KEYIN  TEACH  PT </par_input_type>
        </input_par_config>
        <input_par_config>
            <par_name> waypoints </par_name>
            <par_desc> waypoints between initial and target poses </par_desc>
            <par_type> ARRAY_COORD </par_type>
            <par_unit> m-deg </par_unit>
            <par_option>TRAJ::START TRAJ::GOAL TRAJ::PREVIOUSWAYPOINT WORLD::WORLD_ORIGIN</par_option>
            <par_required> 0 </par_required>
            <par_input_type>  KEYIN  TEACH  PT </par_input_type>
        </input_par_config>
        <input_par_config>
            <par_name> maxV </par_name>
            <par_desc> "maximum Cartesian TCP velocity" </par_desc>
            <par_type> DOUBLE</par_type>
            <par_required> 0 </par_required>
            <par_unit> m/s </par_unit>
            <par_default> 0.2 </par_default>
            <par_max> 2.0 </par_max>
            <par_min> 0.001 </par_min>
        </input_par_config>
        <input_par_config>
            <par_name> maxJntAcc </par_name>
            <par_desc> "maximum joint acceleration" </par_desc>
            <par_type> DOUBLE</par_type>
            <par_required> 0 </par_required>
            <par_unit> deg/s^2 </par_unit>
            <par_default> 100 </par_default>
            <par_max> 2000 </par_max>
            <par_min> 100 </par_min>
        </input_par_config>  
        <input_par_config>
            <par_name> gridNum </par_name>
            <par_desc> "grid number for optimization" </par_desc>
            <par_type> INT </par_type>
            <par_unit> none </par_unit>
            <par_required> 0 </par_required>
            <par_default> 100 </par_default>
            <par_max> 1000 </par_max>
            <par_min> 10 </par_min>
        </input_par_config>
        <input_par_config>
            <par_name> targetTolLevel </par_name>
            <par_desc> "tolerance level of target pose accuracy ranged from 1 to 10, where 1 is the smallest tolerence" </par_desc>
            <par_type> INT </par_type>
            <par_unit> none </par_unit>
            <par_required> 0 </par_required>
            <par_default> 1 </par_default>
            <par_max> 10 </par_max>
            <par_min> 1 </par_min>
            <par_input_type>  KEYIN  </par_input_type>
        </input_par_config>
        <input_par_config>
            <par_name> preferJntPos </par_name>
            <par_desc> preferred target joint configuration. The robot is compliance with Cartesian constraint while reaching this configuration as close as possible.</par_desc>
            <par_type> VEC_7d </par_type>
            <par_unit> deg </par_unit>
            <par_required> 0 </par_required>
            <par_default> 0.0 -40.0 0.0 90.0 0.0 40.0 0.0 </par_default>
            <par_max> 160  130  170  154 170  260  170</par_max>
            <par_min> -160 -130 -170 -107 -170 -80 -170</par_min>
            <par_freedrive> 1 </par_freedrive>
        </input_par_config>
        <!-- ===================================================================
         state parameter configuration
         ====================================================================-->
        <state_par_config>
            <par_name> reachedTarget </par_name>
            <par_desc> "flag to indicate if the robot has reached target" </par_desc>
            <par_type> BOOL</par_type>
            <par_unit> none </par_unit>
        </state_par_config>
        <!-- ===================================================================
                output parameter configuration
         ====================================================================-->
        <!-- ==================================================================
         default transition condition
          condition_type : trigger condition type
          lhs_param_name : LHS parameter name. It must be one of the state parameters in primitive
          lhs_param_category : LHS parameter category. This should be PT_STATE for now
          rhs_param_name (optional): RHS parameter name. no need to fill this field if rhs is a constant.
          rhs_param_category : RHS parameter category
          rhs_param_data (optional) : RHS parameter data.
         ====================================================================-->
        <default_transition_condition>
            <condition_type> EQUAL</condition_type>
            <lhs_param_name>reachedTarget</lhs_param_name>
            <lhs_param_category>PT_STATE</lhs_param_category>
            <rhs_param_category>CONST</rhs_param_category>
            <rhs_param_data>1</rhs_param_data>
        </default_transition_condition>
    </primitive>
</fvr>
