<?xml version="1.0"?>
<fvr>
    <primitive>
        <pt_desc> moves along a trajectory defined in a trajectory file via Trajectory Editor App </pt_desc>
        <!-- ==================================================================
         ui parameter configuration (optional)
         check more detailed setting in CommonParams.xml
         ====================================================================-->
        <ui_par_config>
            <icon>:blockpalette/images/block/icon_moveTraj.svg</icon>
        </ui_par_config>
        <!-- ===================================================================
         input parameter configuration
        ==================================================================== -->
        <input_par_config>
            <par_name> fileName </par_name>
            <par_desc> "name of the file that contains micro-lines" </par_desc>
            <par_type> FILE </par_type>
            <par_unit> none </par_unit>
            <par_required> 1 </par_required>
            <par_option> .traj </par_option>
        </input_par_config>
        <input_par_config>
            <par_name> forceAxis </par_name>
            <par_desc> "force axis" </par_desc>
            <par_type> VEC_6i </par_type>
            <par_unit> none </par_unit>
            <par_required> 0 </par_required>
            <par_default> 0 0 1 0 0 0</par_default>
            <par_max> 1 1 1 1 1 1</par_max>
            <par_min> 0 0 0 0 0 0</par_min>
        </input_par_config>
        <input_par_config>
            <par_name> preferJntPos </par_name>
            <par_desc> preferred target joint configuration. The robot is compliance with Cartesian constraint while reaching this configuration as close as possible.</par_desc>
            <par_type> VEC_7d </par_type>
            <par_unit> deg </par_unit>
            <par_required> 0 </par_required>
            <par_default> 0.0 -40.0 0.0 90.0 0.0 40.0 0.0 </par_default>
            <par_max> 160  130  170  107 170  260  170</par_max>
            <par_min> -160 -130 -170 -154 -170 -80 -170</par_min>
            <par_freedrive> 1 </par_freedrive>
        </input_par_config>
        <input_par_config>
            <par_name> targetTolLevel </par_name>
            <par_desc> "tolerance level of target pose accuracy ranged from 1 to 10, where 1 is the smallest tolerence" </par_desc>
            <par_type> INT </par_type>
            <par_unit> none </par_unit>
            <par_required> 0 </par_required>
            <par_default> 3 </par_default>
            <par_max> 10 </par_max>
            <par_min> 1 </par_min>
        </input_par_config>
        <input_par_config>
            <par_name> equalRadius </par_name>
            <par_desc> Convert orientation to linear distance. It standards for the ability that the orientation follows the orientation </par_desc>
            <par_type> DOUBLE </par_type>
            <par_unit> none </par_unit>
            <par_required> 0 </par_required>
            <par_default>0.1 </par_default>
            <par_max> 10.0 </par_max>
            <par_min> 0.0 </par_min>
        </input_par_config>
        <!-- ===================================================================
         state parameter configuration
         ====================================================================-->
        <state_par_config>
            <par_name> reachedTarget </par_name>
            <par_desc> "flag to indicate if the robot has reached target" </par_desc>
            <par_type> BOOL</par_type>
            <par_unit> none </par_unit>
        </state_par_config>
        <state_par_config>
            <par_name> waypointIndex </par_name>
            <par_desc> "Index of the current waypoint the robot just passed. The waypoint index is 0 indexed where the 0th index is the initial pose" </par_desc>
            <par_type> INT </par_type>
            <par_unit> none </par_unit>
            <par_min> 0 </par_min>
        </state_par_config>
        <!-- ===================================================================
                output parameter configuration
         ====================================================================-->
        <!-- ==================================================================
         default transition condition  
          condition_type : trigger condition type    
          lhs_param_name : LHS parameter name. It must be one of the state parameters in primitive  
          lhs_param_category : LHS parameter category. This should be PT_STATE for now 
          rhs_param_name (optional): RHS parameter name. no need to fill this field if rhs is a constant.
          rhs_param_category : RHS parameter category 
          rhs_param_data (optional) : RHS parameter data. 
         ====================================================================-->
        <default_transition_condition>
            <condition_type> EQUAL</condition_type>
            <lhs_param_name>reachedTarget</lhs_param_name>
            <lhs_param_category>PT_STATE</lhs_param_category>
            <rhs_param_category>CONST</rhs_param_category>
            <rhs_param_data>1</rhs_param_data>
        </default_transition_condition>
    </primitive>
</fvr>
