<?xml version="1.0"?>
<!-- ==========================================================================
 primitive type options :
 "INIT", "MOVE", "READY", "CONTACT", "SLIDE", "SLIDE_ADAPTIVE", "SLIDE_SPIRAL",
 "SLIDE_SINEWAVE", "MAGNET", "PEGINHOLE"

robot type options : Flexiv, UR5, Bullet, Klampt
 ===========================================================================-->
<fvr>
    <primitive>
        <pt_desc>This primitive allows user to configure the subplan and create 
        the nested structure of the workflow.</pt_desc>
        <!-- ==================================================================
         ui parameter configuration (optional)
         check more detailed setting in CommonParams.xml
         ====================================================================-->
        <ui_par_config>
            <block_edit_color> #79badf </block_edit_color>
            <block_execute_color> #ab666666 </block_execute_color>
            <menu_option>Edit Expand Connect Duplicate Delete</menu_option>
            <menu_exe_option>Expand Start</menu_exe_option>
            <icon>:blockpalette/images/block/icon_plan.svg</icon>
        </ui_par_config>
        <!-- ===================================================================
         input parameter configuration
         ====================================================================-->
        <input_par_config>
            <par_name> repeatTimes </par_name>
            <par_desc> The number of execution</par_desc>
            <par_type> INT </par_type>
            <par_unit> none </par_unit>
            <par_required> 0 </par_required>
            <par_default> 1 </par_default>
            <par_min> 1</par_min>
        </input_par_config>
        <!-- ===================================================================
         state parameter configuration
         ====================================================================-->
        <state_par_config>
            <par_name> loopCounter </par_name>
            <par_desc> Counter increases the value by one every time the plan enters start node </par_desc>
            <par_type> INT </par_type>
            <par_unit> none </par_unit>
        </state_par_config>
        <!-- ==================================================================
         default transition condition  
          condition_type : trigger condition type    
          lhs_param_name : LHS parameter name. It must be one of the state parameters in primitive  
          lhs_param_category : LHS parameter category. This should be PT_STATE for now 
          rhs_param_name (optional): RHS parameter name. no need to fill this field if rhs is a constant.
          rhs_param_category : RHS parameter category 
          rhs_param_data (optional) : RHS parameter data. 
         ====================================================================-->
        <default_transition_condition>
            <condition_type> EQUAL</condition_type>
            <lhs_param_name>terminated</lhs_param_name>
            <lhs_param_category>PT_STATE</lhs_param_category>
            <rhs_param_category>CONST</rhs_param_category>
            <rhs_param_data>1</rhs_param_data>
        </default_transition_condition>
    </primitive>
</fvr>
