<?xml version="1.0"?>
<fvr>
    <primitive>
        <!-- ===================================================================
         input parameter configuration

         par_type : "CART_POS", "QUAT", "POSE", "BOOL", "DOUBLE", "INT", "STRING"
         par_input_type : "KEYIN", "TEACH" , "PT"
         ====================================================================-->
        <input_par_config>
            <par_name> maxJntStep</par_name>
            <par_desc> "maximum joint step during each communication cycle" </par_desc>
            <par_type> DOUBLE</par_type>
            <par_unit> deg </par_unit>
            <par_required> 0 </par_required>
            <par_default> 0.1 </par_default>
        </input_par_config>
        <input_par_config>
            <par_name> maxJntVel </par_name>
            <par_desc> "max joint velocity allowed" </par_desc>
            <par_type> DOUBLE</par_type>
            <par_unit> deg/s </par_unit>
            <par_required> 0 </par_required>
            <par_default> 20 </par_default>
        </input_par_config>
        <!-- ===================================================================
         state parameter configuration
         ====================================================================-->
    </primitive>
</fvr>
