<?xml version="1.0"?>
<!-- ==========================================================================
 primitive type options :
 "INIT", "MOVE", "READY", "CONTACT", "SLIDE", "SLIDE_ADAPTIVE", "SLIDE_SPIRAL",
 "SLIDE_SINEWAVE", "MAGNET", "PEGINHOLE"

robot type options : Flexiv, UR5, Bullet, Klampt
 ===========================================================================-->
<fvr>
    <primitive>
        <pt_desc>This primitive reads a file containing a sequence of times (in seconds)
        and cartesian configurations with the format X, Y, Z, W, X, Y, Z for position (in m)
        and orientation (quaternion) and executes the path </pt_desc>
        <!-- ===================================================================
         input parameter configuration

         par_type : "CART_POS", "QUAT", "POSE", "BOOL", "DOUBLE", "INT", "STRING"
         par_input_type : "KEYIN", "TEACH"
         ====================================================================-->
        <input_par_config>
            <par_name> pathfile </par_name>
            <par_desc> "path file" </par_desc>
            <par_type> STRING </par_type>
            <par_unit> none </par_unit>
            <par_required> 1 </par_required>
        </input_par_config>
        <input_par_config>
            <par_name> maxVel </par_name>
            <par_desc> "maximum Cartesian linear velocity" </par_desc>
            <par_type> DOUBLE </par_type>
            <par_required> 0 </par_required>
            <par_unit> m/s </par_unit>
            <par_default>0.1 </par_default>
            <par_max> 2.0 </par_max>
            <par_min> 0.01 </par_min>
        </input_par_config>
        <input_par_config>
            <par_name> maxRotVel </par_name>
            <par_desc> "maximum Cartesian angular velocity" </par_desc>
            <par_type> DOUBLE </par_type>
            <par_required> 0 </par_required>
            <par_unit> rad/s </par_unit>
            <par_default>0.1 </par_default>
            <par_max> 2.0 </par_max>
            <par_min> 0.1 </par_min>
        </input_par_config>
        <!-- ===================================================================
         state parameter configuration
         ====================================================================-->
        <state_par_config>
            <par_name> reachedTarget </par_name>
            <par_desc> "flag to indicate if the robot has reached target" </par_desc>
            <par_type> BOOL</par_type>
            <par_unit> none </par_unit>
        </state_par_config>
        <state_par_config>
            <par_name> waypointIndex </par_name>
            <par_desc> "Index of the current waypoint the robot just passed. The waypoint index is 0 indexed where the 0th index is the initial pose" </par_desc>
            <par_type> INT </par_type>
            <par_unit> none </par_unit>
            <par_min> 0 </par_min>
        </state_par_config>
        <!-- ===================================================================
                output parameter configuration
         ====================================================================-->
    </primitive>
</fvr>
