<?xml version="1.0"?>
<!-- ==========================================================================
 primitive type options :
 "INIT", "MOVE", "READY", "CONTACT", "SLIDE", "SLIDE_ADAPTIVE", "SLIDE_SPIRAL",
 "SLIDE_SINEWAVE", "MAGNET", "PEGINHOLE"

robot type options : Flexiv, UR5, Bullet, Klampt
 ===========================================================================-->
<fvr>
    <primitive>
        <pt_desc>MovJ as fast as possible while respecting joint velocity, acceleration, torque
         and Cartesian velocity constraint </pt_desc>
        <!-- ==================================================================
         ui parameter configuration (optional)
         check more detailed setting in CommonParams.xml
         ====================================================================-->
        <ui_par_config>
            <icon>:blockpalette/images/block/icon_Motion.svg</icon>
        </ui_par_config>
        <!-- ===================================================================
         input parameter configuration
         ====================================================================-->
        <input_par_config>
            <par_name> target </par_name>
            <par_desc> "joint position" </par_desc>
            <par_type> VEC_7d</par_type>
            <par_required> 1 </par_required>
            <par_unit> deg </par_unit>
            <par_max> 160 120 170 154 170 260 170 </par_max>
            <par_min> -160 -120 -170 -107 -170 -80 -170 </par_min>
            <par_freedrive> 1 </par_freedrive>
        </input_par_config>
        <input_par_config>
            <par_name> maxV </par_name>
            <par_desc> "maximum Cartesian TCP velocity" </par_desc>
            <par_type> DOUBLE</par_type>
            <par_required> 0 </par_required>
            <par_unit> m/s </par_unit>
            <par_default> 0.2 </par_default>
            <par_max> 2.5 </par_max>
            <par_min> 0.001 </par_min>
        </input_par_config>   
        <input_par_config>
            <par_name> waypoints </par_name>
            <par_desc> "waypoints joint position" </par_desc>
            <par_type> ARRAY_VEC_7d</par_type>
            <par_required> 0 </par_required>
            <par_unit> deg </par_unit>
            <par_max> 160 120 170 154 170 260 170 </par_max>
            <par_min> -160 -120 -170 -107 -170 -80 -170 </par_min>
            <par_freedrive> 1 </par_freedrive>
        </input_par_config>
        <input_par_config>
            <par_name> relativeToStart </par_name>
            <par_desc> "Enable relative target pose mode" </par_desc>
            <par_type> BOOL </par_type>
            <par_unit> none </par_unit>
            <par_required> 0 </par_required>
            <par_default> 0 </par_default>
        </input_par_config>
        <input_par_config>
            <par_name> maxJntAcc </par_name>
            <par_desc> "maximum joint acceleration" </par_desc>
            <par_type> DOUBLE</par_type>
            <par_required> 0 </par_required>
            <par_unit> deg/s^2 </par_unit>
            <par_default> 600 </par_default>
            <par_max> 2000 </par_max>
            <par_min> 300 </par_min>
        </input_par_config>  
        <input_par_config>
            <par_name> gridNum </par_name>
            <par_desc> "grid number for optimization" </par_desc>
            <par_type> INT </par_type>
            <par_unit> none </par_unit>
            <par_required> 0 </par_required>
            <par_default> 100 </par_default>
            <par_max> 1000 </par_max>
            <par_min> 10 </par_min>
        </input_par_config>
        <input_par_config>
            <par_name> targetTolLevel </par_name>
            <par_desc> "tolerance level of target pose accuracy ranged from 1 to 10, where 1 is the smallest tolerence" </par_desc>
            <par_type> INT </par_type>
            <par_unit> none </par_unit>
            <par_required> 0 </par_required>
            <par_default> 1 </par_default>
            <par_max> 10 </par_max>
            <par_min> 1 </par_min>
        </input_par_config>
        <!-- ===================================================================
         state parameter configuration
         ====================================================================-->
        <state_par_config>
            <par_name> reachedTarget </par_name>
            <par_desc> "flag to indicate if the robot has reached target" </par_desc>
            <par_type> BOOL</par_type>
            <par_unit> none </par_unit>
        </state_par_config>
        <!-- ===================================================================
                output parameter configuration
         ====================================================================-->
        <!-- ==================================================================
         default transition condition
          condition_type : trigger condition type
          lhs_param_name : LHS parameter name. It must be one of the state parameters in primitive
          lhs_param_category : LHS parameter category. This should be PT_STATE for now
          rhs_param_name (optional): RHS parameter name. no need to fill this field if rhs is a constant.
          rhs_param_category : RHS parameter category
          rhs_param_data (optional) : RHS parameter data.
         ====================================================================-->
        <default_transition_condition>
            <condition_type> EQUAL</condition_type>
            <lhs_param_name>reachedTarget</lhs_param_name>
            <lhs_param_category>PT_STATE</lhs_param_category>
            <rhs_param_category>CONST</rhs_param_category>
            <rhs_param_data>1</rhs_param_data>
        </default_transition_condition>
    </primitive>
</fvr>
