<?xml version="1.0"?>
<fvr>
    <primitive>
        <!-- ===================================================================
         input parameter configuration 

         par_type : "CART_POS", "QUAT", "POSE", "BOOL", "DOUBLE", "INT", "STRING"
         par_input_type : "KEYIN", "TEACH"                                          
         ====================================================================-->
        <input_par_config>
            <par_name> isToolInstalled </par_name>
            <par_desc> "1 if tool is installed, otherwise 0 " </par_desc>
            <par_type> BOOL </par_type>
            <par_unit> none </par_unit>
            <par_required> 0 </par_required>
            <par_default> 0 </par_default>
        </input_par_config>
        <!-- ==================================================================
         state parameter configuration                                     
         ====================================================================-->
    </primitive>
</fvr>
